State,Year,HDI
Andaman and Nicobar Islands,1990,0.686
Andaman and Nicobar Islands,1991,0.69
Andaman and Nicobar Islands,1992,0.697
Andaman and Nicobar Islands,1993,0.691
Andaman and Nicobar Islands,1994,0.688
Andaman and Nicobar Islands,1995,0.685
Andaman and Nicobar Islands,1996,0.684
Andaman and Nicobar Islands,1997,0.682
Andaman and Nicobar Islands,1998,0.681
Andaman and Nicobar Islands,1999,0.682
Andaman and Nicobar Islands,2000,0.684
Andaman and Nicobar Islands,2001,0.685
Andaman and Nicobar Islands,2002,0.688
Andaman and Nicobar Islands,2003,0.699
Andaman and Nicobar Islands,2004,0.705
Andaman and Nicobar Islands,2005,0.712
Andaman and Nicobar Islands,2006,0.718
Andaman and Nicobar Islands,2007,0.713
Andaman and Nicobar Islands,2008,0.707
Andaman and Nicobar Islands,2009,0.699
Andaman and Nicobar Islands,2010,0.697
Andaman and Nicobar Islands,2011,0.7
Andaman and Nicobar Islands,2012,0.696
Andaman and Nicobar Islands,2013,0.7
Andaman and Nicobar Islands,2014,0.708
Andaman and Nicobar Islands,2015,0.714
Andaman and Nicobar Islands,2016,0.723
Andaman and Nicobar Islands,2017,0.718
Andaman and Nicobar Islands,2018,0.707
Andaman and Nicobar Islands,2019,0.699
Andaman and Nicobar Islands,2020,0.699
Andaman and Nicobar Islands,2021,0.693
Andaman and Nicobar Islands,2022,0.706
Andhra Pradesh,1990,0.428
Andhra Pradesh,1991,0.43
Andhra Pradesh,1992,0.435
Andhra Pradesh,1993,0.438
Andhra Pradesh,1994,0.441
Andhra Pradesh,1995,0.446
Andhra Pradesh,1996,0.45
Andhra Pradesh,1997,0.454
Andhra Pradesh,1998,0.459
Andhra Pradesh,1999,0.464
Andhra Pradesh,2000,0.472
Andhra Pradesh,2001,0.478
Andhra Pradesh,2002,0.487
Andhra Pradesh,2003,0.502
Andhra Pradesh,2004,0.513
Andhra Pradesh,2005,0.524
Andhra Pradesh,2006,0.535
Andhra Pradesh,2007,0.546
Andhra Pradesh,2008,0.554
Andhra Pradesh,2009,0.56
Andhra Pradesh,2010,0.571
Andhra Pradesh,2011,0.586
Andhra Pradesh,2012,0.595
Andhra Pradesh,2013,0.602
Andhra Pradesh,2014,0.614
Andhra Pradesh,2015,0.623
Andhra Pradesh,2016,0.635
Andhra Pradesh,2017,0.638
Andhra Pradesh,2018,0.635
Andhra Pradesh,2019,0.635
Andhra Pradesh,2020,0.635
Andhra Pradesh,2021,0.63
Andhra Pradesh,2022,0.642
Arunachal Pradesh,1990,0.442
Arunachal Pradesh,1991,0.445
Arunachal Pradesh,1992,0.449
Arunachal Pradesh,1993,0.455
Arunachal Pradesh,1994,0.461
Arunachal Pradesh,1995,0.467
Arunachal Pradesh,1996,0.474
Arunachal Pradesh,1997,0.479
Arunachal Pradesh,1998,0.485
Arunachal Pradesh,1999,0.493
Arunachal Pradesh,2000,0.496
Arunachal Pradesh,2001,0.499
Arunachal Pradesh,2002,0.503
Arunachal Pradesh,2003,0.514
Arunachal Pradesh,2004,0.521
Arunachal Pradesh,2005,0.528
Arunachal Pradesh,2006,0.535
Arunachal Pradesh,2007,0.562
Arunachal Pradesh,2008,0.586
Arunachal Pradesh,2009,0.606
Arunachal Pradesh,2010,0.632
Arunachal Pradesh,2011,0.66
Arunachal Pradesh,2012,0.682
Arunachal Pradesh,2013,0.672
Arunachal Pradesh,2014,0.666
Arunachal Pradesh,2015,0.655
Arunachal Pradesh,2016,0.645
Arunachal Pradesh,2017,0.659
Arunachal Pradesh,2018,0.666
Arunachal Pradesh,2019,0.675
Arunachal Pradesh,2020,0.675
Arunachal Pradesh,2021,0.67
Arunachal Pradesh,2022,0.683
Assam,1990,0.413
Assam,1991,0.415
Assam,1992,0.42
Assam,1993,0.426
Assam,1994,0.434
Assam,1995,0.442
Assam,1996,0.45
Assam,1997,0.458
Assam,1998,0.466
Assam,1999,0.476
Assam,2000,0.481
Assam,2001,0.486
Assam,2002,0.493
Assam,2003,0.506
Assam,2004,0.515
Assam,2005,0.524
Assam,2006,0.533
Assam,2007,0.54
Assam,2008,0.545
Assam,2009,0.549
Assam,2010,0.557
Assam,2011,0.569
Assam,2012,0.576
Assam,2013,0.579
Assam,2014,0.586
Assam,2015,0.59
Assam,2016,0.598
Assam,2017,0.605
Assam,2018,0.605
Assam,2019,0.609
Assam,2020,0.608
Assam,2021,0.603
Assam,2022,0.615
Bihar,1990,0.38
Bihar,1991,0.382
Bihar,1992,0.387
Bihar,1993,0.391
Bihar,1994,0.396
Bihar,1995,0.402
Bihar,1996,0.408
Bihar,1997,0.413
Bihar,1998,0.418
Bihar,1999,0.425
Bihar,2000,0.429
Bihar,2001,0.432
Bihar,2002,0.437
Bihar,2003,0.448
Bihar,2004,0.455
Bihar,2005,0.463
Bihar,2006,0.47
Bihar,2007,0.481
Bihar,2008,0.489
Bihar,2009,0.495
Bihar,2010,0.506
Bihar,2011,0.519
Bihar,2012,0.527
Bihar,2013,0.533
Bihar,2014,0.543
Bihar,2015,0.551
Bihar,2016,0.561
Bihar,2017,0.567
Bihar,2018,0.567
Bihar,2019,0.571
Bihar,2020,0.57
Bihar,2021,0.566
Bihar,2022,0.577
Chandigarth,1990,0.636
Chandigarth,1991,0.639
Chandigarth,1992,0.646
Chandigarth,1993,0.64
Chandigarth,1994,0.635
Chandigarth,1995,0.632
Chandigarth,1996,0.631
Chandigarth,1997,0.628
Chandigarth,1998,0.626
Chandigarth,1999,0.627
Chandigarth,2000,0.628
Chandigarth,2001,0.629
Chandigarth,2002,0.632
Chandigarth,2003,0.643
Chandigarth,2004,0.649
Chandigarth,2005,0.655
Chandigarth,2006,0.661
Chandigarth,2007,0.656
Chandigarth,2008,0.65
Chandigarth,2009,0.642
Chandigarth,2010,0.639
Chandigarth,2011,0.641
Chandigarth,2012,0.638
Chandigarth,2013,0.666
Chandigarth,2014,0.697
Chandigarth,2015,0.725
Chandigarth,2016,0.755
Chandigarth,2017,0.756
Chandigarth,2018,0.749
Chandigarth,2019,0.745
Chandigarth,2020,0.745
Chandigarth,2021,0.738
Chandigarth,2022,0.751
Chhattisgarh,1990,0.563
Chhattisgarh,1991,0.566
Chhattisgarh,1992,0.571
Chhattisgarh,1993,0.566
Chhattisgarh,1994,0.562
Chhattisgarh,1995,0.559
Chhattisgarh,1996,0.557
Chhattisgarh,1997,0.554
Chhattisgarh,1998,0.552
Chhattisgarh,1999,0.552
Chhattisgarh,2000,0.553
Chhattisgarh,2001,0.554
Chhattisgarh,2002,0.557
Chhattisgarh,2003,0.567
Chhattisgarh,2004,0.573
Chhattisgarh,2005,0.578
Chhattisgarh,2006,0.584
Chhattisgarh,2007,0.58
Chhattisgarh,2008,0.573
Chhattisgarh,2009,0.566
Chhattisgarh,2010,0.563
Chhattisgarh,2011,0.565
Chhattisgarh,2012,0.562
Chhattisgarh,2013,0.568
Chhattisgarh,2014,0.578
Chhattisgarh,2015,0.586
Chhattisgarh,2016,0.597
Chhattisgarh,2017,0.607
Chhattisgarh,2018,0.611
Chhattisgarh,2019,0.618
Chhattisgarh,2020,0.618
Chhattisgarh,2021,0.613
Chhattisgarh,2022,0.625
Dadra and Nagar Haveli,1990,0.672
Dadra and Nagar Haveli,1991,0.676
Dadra and Nagar Haveli,1992,0.682
Dadra and Nagar Haveli,1993,0.68
Dadra and Nagar Haveli,1994,0.676
Dadra and Nagar Haveli,1995,0.673
Dadra and Nagar Haveli,1996,0.672
Dadra and Nagar Haveli,1997,0.67
Dadra and Nagar Haveli,1998,0.669
Dadra and Nagar Haveli,1999,0.67
Dadra and Nagar Haveli,2000,0.672
Dadra and Nagar Haveli,2001,0.673
Dadra and Nagar Haveli,2002,0.676
Dadra and Nagar Haveli,2003,0.687
Dadra and Nagar Haveli,2004,0.693
Dadra and Nagar Haveli,2005,0.699
Dadra and Nagar Haveli,2006,0.706
Dadra and Nagar Haveli,2007,0.701
Dadra and Nagar Haveli,2008,0.695
Dadra and Nagar Haveli,2009,0.687
Dadra and Nagar Haveli,2010,0.685
Dadra and Nagar Haveli,2011,0.687
Dadra and Nagar Haveli,2012,0.684
Dadra and Nagar Haveli,2013,0.673
Dadra and Nagar Haveli,2014,0.665
Dadra and Nagar Haveli,2015,0.655
Dadra and Nagar Haveli,2016,0.647
Dadra and Nagar Haveli,2017,0.64
Dadra and Nagar Haveli,2018,0.628
Dadra and Nagar Haveli,2019,0.618
Dadra and Nagar Haveli,2020,0.618
Dadra and Nagar Haveli,2021,0.613
Dadra and Nagar Haveli,2022,0.624
Daman and Diu,1990,0.651
Daman and Diu,1991,0.656
Daman and Diu,1992,0.663
Daman and Diu,1993,0.658
Daman and Diu,1994,0.654
Daman and Diu,1995,0.652
Daman and Diu,1996,0.651
Daman and Diu,1997,0.65
Daman and Diu,1998,0.65
Daman and Diu,1999,0.651
Daman and Diu,2000,0.654
Daman and Diu,2001,0.654
Daman and Diu,2002,0.657
Daman and Diu,2003,0.668
Daman and Diu,2004,0.673
Daman and Diu,2005,0.679
Daman and Diu,2006,0.685
Daman and Diu,2007,0.681
Daman and Diu,2008,0.675
Daman and Diu,2009,0.668
Daman and Diu,2010,0.666
Daman and Diu,2011,0.669
Daman and Diu,2012,0.666
Daman and Diu,2013,0.669
Daman and Diu,2014,0.677
Daman and Diu,2015,0.682
Daman and Diu,2016,0.69
Daman and Diu,2017,0.686
Daman and Diu,2018,0.676
Daman and Diu,2019,0.668
Daman and Diu,2020,0.668
Daman and Diu,2021,0.662
Daman and Diu,2022,0.674
Goa,1990,0.558
Goa,1991,0.561
Goa,1992,0.567
Goa,1993,0.57
Goa,1994,0.573
Goa,1995,0.577
Goa,1996,0.583
Goa,1997,0.587
Goa,1998,0.592
Goa,1999,0.599
Goa,2000,0.608
Goa,2001,0.615
Goa,2002,0.624
Goa,2003,0.641
Goa,2004,0.653
Goa,2005,0.665
Goa,2006,0.678
Goa,2007,0.692
Goa,2008,0.704
Goa,2009,0.713
Goa,2010,0.728
Goa,2011,0.747
Goa,2012,0.759
Goa,2013,0.753
Goa,2014,0.751
Goa,2015,0.746
Goa,2016,0.743
Goa,2017,0.751
Goa,2018,0.751
Goa,2019,0.753
Goa,2020,0.754
Goa,2021,0.747
Goa,2022,0.76
Gujarat,1990,0.474
Gujarat,1991,0.477
Gujarat,1992,0.483
Gujarat,1993,0.485
Gujarat,1994,0.488
Gujarat,1995,0.492
Gujarat,1996,0.498
Gujarat,1997,0.502
Gujarat,1998,0.507
Gujarat,1999,0.514
Gujarat,2000,0.52
Gujarat,2001,0.526
Gujarat,2002,0.533
Gujarat,2003,0.547
Gujarat,2004,0.556
Gujarat,2005,0.566
Gujarat,2006,0.577
Gujarat,2007,0.583
Gujarat,2008,0.587
Gujarat,2009,0.589
Gujarat,2010,0.597
Gujarat,2011,0.608
Gujarat,2012,0.614
Gujarat,2013,0.622
Gujarat,2014,0.634
Gujarat,2015,0.643
Gujarat,2016,0.656
Gujarat,2017,0.654
Gujarat,2018,0.645
Gujarat,2019,0.64
Gujarat,2020,0.64
Gujarat,2021,0.635
Gujarat,2022,0.646
Haryana,1990,0.471
Haryana,1991,0.474
Haryana,1992,0.479
Haryana,1993,0.485
Haryana,1994,0.493
Haryana,1995,0.501
Haryana,1996,0.51
Haryana,1997,0.518
Haryana,1998,0.527
Haryana,1999,0.537
Haryana,2000,0.542
Haryana,2001,0.546
Haryana,2002,0.553
Haryana,2003,0.566
Haryana,2004,0.575
Haryana,2005,0.584
Haryana,2006,0.594
Haryana,2007,0.603
Haryana,2008,0.61
Haryana,2009,0.615
Haryana,2010,0.625
Haryana,2011,0.639
Haryana,2012,0.648
Haryana,2013,0.656
Haryana,2014,0.669
Haryana,2015,0.678
Haryana,2016,0.691
Haryana,2017,0.694
Haryana,2018,0.69
Haryana,2019,0.689
Haryana,2020,0.689
Haryana,2021,0.683
Haryana,2022,0.696
Himachal Pradesh,1990,0.485
Himachal Pradesh,1991,0.488
Himachal Pradesh,1992,0.493
Himachal Pradesh,1993,0.503
Himachal Pradesh,1994,0.514
Himachal Pradesh,1995,0.525
Himachal Pradesh,1996,0.538
Himachal Pradesh,1997,0.549
Himachal Pradesh,1998,0.562
Himachal Pradesh,1999,0.575
Himachal Pradesh,2000,0.583
Himachal Pradesh,2001,0.589
Himachal Pradesh,2002,0.598
Himachal Pradesh,2003,0.615
Himachal Pradesh,2004,0.626
Himachal Pradesh,2005,0.638
Himachal Pradesh,2006,0.65
Himachal Pradesh,2007,0.653
Himachal Pradesh,2008,0.654
Himachal Pradesh,2009,0.653
Himachal Pradesh,2010,0.658
Himachal Pradesh,2011,0.667
Himachal Pradesh,2012,0.67
Himachal Pradesh,2013,0.677
Himachal Pradesh,2014,0.688
Himachal Pradesh,2015,0.696
Himachal Pradesh,2016,0.707
Himachal Pradesh,2017,0.712
Himachal Pradesh,2018,0.709
Himachal Pradesh,2019,0.709
Himachal Pradesh,2020,0.709
Himachal Pradesh,2021,0.703
Himachal Pradesh,2022,0.715
Jammu and Kashmir,1990,0.499
Jammu and Kashmir,1991,0.502
Jammu and Kashmir,1992,0.507
Jammu and Kashmir,1993,0.506
Jammu and Kashmir,1994,0.506
Jammu and Kashmir,1995,0.507
Jammu and Kashmir,1996,0.509
Jammu and Kashmir,1997,0.51
Jammu and Kashmir,1998,0.511
Jammu and Kashmir,1999,0.514
Jammu and Kashmir,2000,0.522
Jammu and Kashmir,2001,0.53
Jammu and Kashmir,2002,0.539
Jammu and Kashmir,2003,0.556
Jammu and Kashmir,2004,0.568
Jammu and Kashmir,2005,0.581
Jammu and Kashmir,2006,0.593
Jammu and Kashmir,2007,0.605
Jammu and Kashmir,2008,0.614
Jammu and Kashmir,2009,0.621
Jammu and Kashmir,2010,0.633
Jammu and Kashmir,2011,0.648
Jammu and Kashmir,2012,0.658
Jammu and Kashmir,2013,0.659
Jammu and Kashmir,2014,0.665
Jammu and Kashmir,2015,0.667
Jammu and Kashmir,2016,0.672
Jammu and Kashmir,2017,0.69
Jammu and Kashmir,2018,0.7
Jammu and Kashmir,2019,0.712
Jammu and Kashmir,2020,0.712
Jammu and Kashmir,2021,0.706
Jammu and Kashmir,2022,0.72
Jharkhand,1990,0.563
Jharkhand,1991,0.566
Jharkhand,1992,0.572
Jharkhand,1993,0.566
Jharkhand,1994,0.562
Jharkhand,1995,0.559
Jharkhand,1996,0.557
Jharkhand,1997,0.554
Jharkhand,1998,0.553
Jharkhand,1999,0.553
Jharkhand,2000,0.554
Jharkhand,2001,0.554
Jharkhand,2002,0.557
Jharkhand,2003,0.568
Jharkhand,2004,0.573
Jharkhand,2005,0.579
Jharkhand,2006,0.585
Jharkhand,2007,0.58
Jharkhand,2008,0.574
Jharkhand,2009,0.566
Jharkhand,2010,0.564
Jharkhand,2011,0.566
Jharkhand,2012,0.562
Jharkhand,2013,0.565
Jharkhand,2014,0.572
Jharkhand,2015,0.577
Jharkhand,2016,0.584
Jharkhand,2017,0.59
Jharkhand,2018,0.59
Jharkhand,2019,0.593
Jharkhand,2020,0.593
Jharkhand,2021,0.588
Jharkhand,2022,0.6
Karnataka,1990,0.448
Karnataka,1991,0.45
Karnataka,1992,0.455
Karnataka,1993,0.461
Karnataka,1994,0.467
Karnataka,1995,0.474
Karnataka,1996,0.482
Karnataka,1997,0.488
Karnataka,1998,0.495
Karnataka,1999,0.504
Karnataka,2000,0.511
Karnataka,2001,0.516
Karnataka,2002,0.524
Karnataka,2003,0.538
Karnataka,2004,0.549
Karnataka,2005,0.559
Karnataka,2006,0.57
Karnataka,2007,0.577
Karnataka,2008,0.583
Karnataka,2009,0.587
Karnataka,2010,0.597
Karnataka,2011,0.609
Karnataka,2012,0.617
Karnataka,2013,0.627
Karnataka,2014,0.641
Karnataka,2015,0.652
Karnataka,2016,0.667
Karnataka,2017,0.67
Karnataka,2018,0.667
Karnataka,2019,0.667
Karnataka,2020,0.667
Karnataka,2021,0.661
Karnataka,2022,0.673
Kerala,1990,0.551
Kerala,1991,0.554
Kerala,1992,0.56
Kerala,1993,0.561
Kerala,1994,0.563
Kerala,1995,0.565
Kerala,1996,0.569
Kerala,1997,0.571
Kerala,1998,0.574
Kerala,1999,0.579
Kerala,2000,0.592
Kerala,2001,0.604
Kerala,2002,0.618
Kerala,2003,0.639
Kerala,2004,0.656
Kerala,2005,0.672
Kerala,2006,0.689
Kerala,2007,0.695
Kerala,2008,0.698
Kerala,2009,0.699
Kerala,2010,0.706
Kerala,2011,0.718
Kerala,2012,0.723
Kerala,2013,0.73
Kerala,2014,0.741
Kerala,2015,0.75
Kerala,2016,0.761
Kerala,2017,0.762
Kerala,2018,0.755
Kerala,2019,0.751
Kerala,2020,0.751
Kerala,2021,0.745
Kerala,2022,0.758
Lakshadweep,1990,0.695
Lakshadweep,1991,0.699
Lakshadweep,1992,0.706
Lakshadweep,1993,0.7
Lakshadweep,1994,0.697
Lakshadweep,1995,0.694
Lakshadweep,1996,0.693
Lakshadweep,1997,0.691
Lakshadweep,1998,0.69
Lakshadweep,1999,0.691
Lakshadweep,2000,0.694
Lakshadweep,2001,0.695
Lakshadweep,2002,0.698
Lakshadweep,2003,0.709
Lakshadweep,2004,0.715
Lakshadweep,2005,0.721
Lakshadweep,2006,0.728
Lakshadweep,2007,0.723
Lakshadweep,2008,0.717
Lakshadweep,2009,0.709
Lakshadweep,2010,0.707
Lakshadweep,2011,0.71
Lakshadweep,2012,0.706
Lakshadweep,2013,0.71
Lakshadweep,2014,0.718
Lakshadweep,2015,0.723
Lakshadweep,2016,0.732
Lakshadweep,2017,0.729
Lakshadweep,2018,0.719
Lakshadweep,2019,0.712
Lakshadweep,2020,0.713
Lakshadweep,2021,0.706
Lakshadweep,2022,0.719
Madhya Pradesh,1990,0.408
Madhya Pradesh,1991,0.41
Madhya Pradesh,1992,0.415
Madhya Pradesh,1993,0.418
Madhya Pradesh,1994,0.422
Madhya Pradesh,1995,0.427
Madhya Pradesh,1996,0.432
Madhya Pradesh,1997,0.436
Madhya Pradesh,1998,0.44
Madhya Pradesh,1999,0.446
Madhya Pradesh,2000,0.452
Madhya Pradesh,2001,0.456
Madhya Pradesh,2002,0.463
Madhya Pradesh,2003,0.475
Madhya Pradesh,2004,0.484
Madhya Pradesh,2005,0.493
Madhya Pradesh,2006,0.503
Madhya Pradesh,2007,0.51
Madhya Pradesh,2008,0.516
Madhya Pradesh,2009,0.52
Madhya Pradesh,2010,0.528
Madhya Pradesh,2011,0.54
Madhya Pradesh,2012,0.547
Madhya Pradesh,2013,0.555
Madhya Pradesh,2014,0.567
Madhya Pradesh,2015,0.577
Madhya Pradesh,2016,0.589
Madhya Pradesh,2017,0.598
Madhya Pradesh,2018,0.6
Madhya Pradesh,2019,0.605
Madhya Pradesh,2020,0.605
Madhya Pradesh,2021,0.599
Madhya Pradesh,2022,0.611
Maharashtra,1990,0.498
Maharashtra,1991,0.501
Maharashtra,1992,0.507
Maharashtra,1993,0.511
Maharashtra,1994,0.515
Maharashtra,1995,0.521
Maharashtra,1996,0.527
Maharashtra,1997,0.532
Maharashtra,1998,0.538
Maharashtra,1999,0.545
Maharashtra,2000,0.551
Maharashtra,2001,0.556
Maharashtra,2002,0.563
Maharashtra,2003,0.577
Maharashtra,2004,0.586
Maharashtra,2005,0.596
Maharashtra,2006,0.606
Maharashtra,2007,0.615
Maharashtra,2008,0.621
Maharashtra,2009,0.626
Maharashtra,2010,0.636
Maharashtra,2011,0.649
Maharashtra,2012,0.657
Maharashtra,2013,0.66
Maharashtra,2014,0.668
Maharashtra,2015,0.672
Maharashtra,2016,0.68
Maharashtra,2017,0.687
Maharashtra,2018,0.686
Maharashtra,2019,0.689
Maharashtra,2020,0.689
Maharashtra,2021,0.683
Maharashtra,2022,0.695
Manipur,1990,0.5
Manipur,1991,0.503
Manipur,1992,0.509
Manipur,1993,0.512
Manipur,1994,0.517
Manipur,1995,0.522
Manipur,1996,0.528
Manipur,1997,0.533
Manipur,1998,0.54
Manipur,1999,0.547
Manipur,2000,0.552
Manipur,2001,0.556
Manipur,2002,0.562
Manipur,2003,0.574
Manipur,2004,0.582
Manipur,2005,0.591
Manipur,2006,0.6
Manipur,2007,0.619
Manipur,2008,0.636
Manipur,2009,0.652
Manipur,2010,0.672
Manipur,2011,0.696
Manipur,2012,0.714
Manipur,2013,0.703
Manipur,2014,0.695
Manipur,2015,0.686
Manipur,2016,0.678
Manipur,2017,0.682
Manipur,2018,0.678
Manipur,2019,0.676
Manipur,2020,0.676
Manipur,2021,0.671
Manipur,2022,0.683
Meghalaya,1990,0.461
Meghalaya,1991,0.464
Meghalaya,1992,0.469
Meghalaya,1993,0.467
Meghalaya,1994,0.465
Meghalaya,1995,0.465
Meghalaya,1996,0.464
Meghalaya,1997,0.462
Meghalaya,1998,0.461
Meghalaya,1999,0.461
Meghalaya,2000,0.47
Meghalaya,2001,0.477
Meghalaya,2002,0.487
Meghalaya,2003,0.502
Meghalaya,2004,0.514
Meghalaya,2005,0.526
Meghalaya,2006,0.538
Meghalaya,2007,0.558
Meghalaya,2008,0.575
Meghalaya,2009,0.591
Meghalaya,2010,0.611
Meghalaya,2011,0.634
Meghalaya,2012,0.652
Meghalaya,2013,0.646
Meghalaya,2014,0.645
Meghalaya,2015,0.641
Meghalaya,2016,0.64
Meghalaya,2017,0.645
Meghalaya,2018,0.642
Meghalaya,2019,0.643
Meghalaya,2020,0.643
Meghalaya,2021,0.637
Meghalaya,2022,0.65
Mizoram,1990,0.532
Mizoram,1991,0.535
Mizoram,1992,0.541
Mizoram,1993,0.541
Mizoram,1994,0.542
Mizoram,1995,0.543
Mizoram,1996,0.546
Mizoram,1997,0.547
Mizoram,1998,0.55
Mizoram,1999,0.553
Mizoram,2000,0.563
Mizoram,2001,0.571
Mizoram,2002,0.581
Mizoram,2003,0.598
Mizoram,2004,0.611
Mizoram,2005,0.624
Mizoram,2006,0.637
Mizoram,2007,0.648
Mizoram,2008,0.657
Mizoram,2009,0.664
Mizoram,2010,0.676
Mizoram,2011,0.693
Mizoram,2012,0.703
Mizoram,2013,0.697
Mizoram,2014,0.694
Mizoram,2015,0.689
Mizoram,2016,0.687
Mizoram,2017,0.696
Mizoram,2018,0.698
Mizoram,2019,0.703
Mizoram,2020,0.703
Mizoram,2021,0.697
Mizoram,2022,0.709
Nagaland,1990,0.539
Nagaland,1991,0.542
Nagaland,1992,0.548
Nagaland,1993,0.541
Nagaland,1994,0.535
Nagaland,1995,0.53
Nagaland,1996,0.526
Nagaland,1997,0.521
Nagaland,1998,0.516
Nagaland,1999,0.513
Nagaland,2000,0.516
Nagaland,2001,0.519
Nagaland,2002,0.524
Nagaland,2003,0.536
Nagaland,2004,0.543
Nagaland,2005,0.55
Nagaland,2006,0.558
Nagaland,2007,0.583
Nagaland,2008,0.605
Nagaland,2009,0.626
Nagaland,2010,0.651
Nagaland,2011,0.68
Nagaland,2012,0.703
Nagaland,2013,0.69
Nagaland,2014,0.682
Nagaland,2015,0.671
Nagaland,2016,0.662
Nagaland,2017,0.669
Nagaland,2018,0.669
Nagaland,2019,0.672
Nagaland,2020,0.672
Nagaland,2021,0.667
Nagaland,2022,0.679
New Delhi,1990,0.581
New Delhi,1991,0.585
New Delhi,1992,0.592
New Delhi,1993,0.598
New Delhi,1994,0.606
New Delhi,1995,0.614
New Delhi,1996,0.624
New Delhi,1997,0.633
New Delhi,1998,0.642
New Delhi,1999,0.653
New Delhi,2000,0.656
New Delhi,2001,0.658
New Delhi,2002,0.661
New Delhi,2003,0.671
New Delhi,2004,0.677
New Delhi,2005,0.683
New Delhi,2006,0.689
New Delhi,2007,0.694
New Delhi,2008,0.695
New Delhi,2009,0.695
New Delhi,2010,0.699
New Delhi,2011,0.708
New Delhi,2012,0.711
New Delhi,2013,0.713
New Delhi,2014,0.719
New Delhi,2015,0.722
New Delhi,2016,0.727
New Delhi,2017,0.732
New Delhi,2018,0.729
New Delhi,2019,0.728
New Delhi,2020,0.728
New Delhi,2021,0.722
New Delhi,2022,0.734
Odisha,1990,0.403
Odisha,1991,0.405
Odisha,1992,0.409
Odisha,1993,0.413
Odisha,1994,0.418
Odisha,1995,0.423
Odisha,1996,0.43
Odisha,1997,0.434
Odisha,1998,0.44
Odisha,1999,0.447
Odisha,2000,0.451
Odisha,2001,0.455
Odisha,2002,0.46
Odisha,2003,0.472
Odisha,2004,0.479
Odisha,2005,0.487
Odisha,2006,0.495
Odisha,2007,0.504
Odisha,2008,0.511
Odisha,2009,0.517
Odisha,2010,0.527
Odisha,2011,0.54
Odisha,2012,0.548
Odisha,2013,0.556
Odisha,2014,0.568
Odisha,2015,0.578
Odisha,2016,0.59
Odisha,2017,0.598
Odisha,2018,0.599
Odisha,2019,0.603
Odisha,2020,0.603
Odisha,2021,0.598
Odisha,2022,0.61
Puducherry,1990,0.711
Puducherry,1991,0.716
Puducherry,1992,0.723
Puducherry,1993,0.725
Puducherry,1994,0.722
Puducherry,1995,0.719
Puducherry,1996,0.718
Puducherry,1997,0.716
Puducherry,1998,0.715
Puducherry,1999,0.717
Puducherry,2000,0.719
Puducherry,2001,0.72
Puducherry,2002,0.723
Puducherry,2003,0.735
Puducherry,2004,0.741
Puducherry,2005,0.748
Puducherry,2006,0.754
Puducherry,2007,0.749
Puducherry,2008,0.743
Puducherry,2009,0.735
Puducherry,2010,0.732
Puducherry,2011,0.735
Puducherry,2012,0.732
Puducherry,2013,0.727
Puducherry,2014,0.726
Puducherry,2015,0.722
Puducherry,2016,0.721
Puducherry,2017,0.729
Puducherry,2018,0.731
Puducherry,2019,0.735
Puducherry,2020,0.735
Puducherry,2021,0.729
Puducherry,2022,0.741
Punjab,1990,0.502
Punjab,1991,0.505
Punjab,1992,0.51
Punjab,1993,0.517
Punjab,1994,0.524
Punjab,1995,0.532
Punjab,1996,0.541
Punjab,1997,0.549
Punjab,1998,0.558
Punjab,1999,0.568
Punjab,2000,0.572
Punjab,2001,0.575
Punjab,2002,0.58
Punjab,2003,0.593
Punjab,2004,0.6
Punjab,2005,0.608
Punjab,2006,0.616
Punjab,2007,0.626
Punjab,2008,0.633
Punjab,2009,0.638
Punjab,2010,0.648
Punjab,2011,0.662
Punjab,2012,0.67
Punjab,2013,0.677
Punjab,2014,0.687
Punjab,2015,0.695
Punjab,2016,0.706
Punjab,2017,0.705
Punjab,2018,0.696
Punjab,2019,0.691
Punjab,2020,0.692
Punjab,2021,0.685
Punjab,2022,0.698
Rajasthan,1990,0.406
Rajasthan,1991,0.408
Rajasthan,1992,0.413
Rajasthan,1993,0.418
Rajasthan,1994,0.424
Rajasthan,1995,0.431
Rajasthan,1996,0.438
Rajasthan,1997,0.443
Rajasthan,1998,0.449
Rajasthan,1999,0.457
Rajasthan,2000,0.462
Rajasthan,2001,0.466
Rajasthan,2002,0.472
Rajasthan,2003,0.485
Rajasthan,2004,0.494
Rajasthan,2005,0.503
Rajasthan,2006,0.512
Rajasthan,2007,0.52
Rajasthan,2008,0.526
Rajasthan,2009,0.53
Rajasthan,2010,0.539
Rajasthan,2011,0.552
Rajasthan,2012,0.559
Rajasthan,2013,0.57
Rajasthan,2014,0.585
Rajasthan,2015,0.598
Rajasthan,2016,0.614
Rajasthan,2017,0.628
Rajasthan,2018,0.635
Rajasthan,2019,0.645
Rajasthan,2020,0.645
Rajasthan,2021,0.64
Rajasthan,2022,0.652
Sikkim,1990,0.546
Sikkim,1991,0.549
Sikkim,1992,0.555
Sikkim,1993,0.549
Sikkim,1994,0.545
Sikkim,1995,0.542
Sikkim,1996,0.541
Sikkim,1997,0.538
Sikkim,1998,0.536
Sikkim,1999,0.536
Sikkim,2000,0.542
Sikkim,2001,0.546
Sikkim,2002,0.553
Sikkim,2003,0.567
Sikkim,2004,0.576
Sikkim,2005,0.585
Sikkim,2006,0.594
Sikkim,2007,0.603
Sikkim,2008,0.61
Sikkim,2009,0.615
Sikkim,2010,0.625
Sikkim,2011,0.638
Sikkim,2012,0.645
Sikkim,2013,0.656
Sikkim,2014,0.672
Sikkim,2015,0.684
Sikkim,2016,0.7
Sikkim,2017,0.706
Sikkim,2018,0.704
Sikkim,2019,0.705
Sikkim,2020,0.705
Sikkim,2021,0.699
Sikkim,2022,0.712
Tamil Nadu,1990,0.476
Tamil Nadu,1991,0.478
Tamil Nadu,1992,0.484
Tamil Nadu,1993,0.488
Tamil Nadu,1994,0.494
Tamil Nadu,1995,0.5
Tamil Nadu,1996,0.507
Tamil Nadu,1997,0.513
Tamil Nadu,1998,0.519
Tamil Nadu,1999,0.528
Tamil Nadu,2000,0.536
Tamil Nadu,2001,0.543
Tamil Nadu,2002,0.552
Tamil Nadu,2003,0.569
Tamil Nadu,2004,0.581
Tamil Nadu,2005,0.593
Tamil Nadu,2006,0.606
Tamil Nadu,2007,0.615
Tamil Nadu,2008,0.622
Tamil Nadu,2009,0.628
Tamil Nadu,2010,0.638
Tamil Nadu,2011,0.653
Tamil Nadu,2012,0.662
Tamil Nadu,2013,0.667
Tamil Nadu,2014,0.676
Tamil Nadu,2015,0.682
Tamil Nadu,2016,0.691
Tamil Nadu,2017,0.693
Tamil Nadu,2018,0.687
Tamil Nadu,2019,0.685
Tamil Nadu,2020,0.685
Tamil Nadu,2021,0.679
Tamil Nadu,2022,0.692
Telangana,1990,0.624
Telangana,1991,0.628
Telangana,1992,0.634
Telangana,1993,0.628
Telangana,1994,0.624
Telangana,1995,0.621
Telangana,1996,0.619
Telangana,1997,0.617
Telangana,1998,0.615
Telangana,1999,0.615
Telangana,2000,0.617
Telangana,2001,0.618
Telangana,2002,0.621
Telangana,2003,0.632
Telangana,2004,0.637
Telangana,2005,0.643
Telangana,2006,0.649
Telangana,2007,0.644
Telangana,2008,0.638
Telangana,2009,0.63
Telangana,2010,0.628
Telangana,2011,0.63
Telangana,2012,0.627
Telangana,2013,0.63
Telangana,2014,0.638
Telangana,2015,0.644
Telangana,2016,0.653
Telangana,2017,0.657
Telangana,2018,0.653
Telangana,2019,0.653
Telangana,2020,0.653
Telangana,2021,0.647
Telangana,2022,0.66
Tripura,1990,0.45
Tripura,1991,0.452
Tripura,1992,0.458
Tripura,1993,0.465
Tripura,1994,0.474
Tripura,1995,0.483
Tripura,1996,0.493
Tripura,1997,0.501
Tripura,1998,0.511
Tripura,1999,0.521
Tripura,2000,0.524
Tripura,2001,0.526
Tripura,2002,0.53
Tripura,2003,0.541
Tripura,2004,0.548
Tripura,2005,0.555
Tripura,2006,0.561
Tripura,2007,0.572
Tripura,2008,0.581
Tripura,2009,0.588
Tripura,2010,0.599
Tripura,2011,0.615
Tripura,2012,0.625
Tripura,2013,0.627
Tripura,2014,0.633
Tripura,2015,0.636
Tripura,2016,0.642
Tripura,2017,0.637
Tripura,2018,0.626
Tripura,2019,0.617
Tripura,2020,0.617
Tripura,2021,0.612
Tripura,2022,0.624
Uttar Pradesh,1990,0.398
Uttar Pradesh,1991,0.401
Uttar Pradesh,1992,0.405
Uttar Pradesh,1993,0.411
Uttar Pradesh,1994,0.417
Uttar Pradesh,1995,0.423
Uttar Pradesh,1996,0.43
Uttar Pradesh,1997,0.436
Uttar Pradesh,1998,0.442
Uttar Pradesh,1999,0.45
Uttar Pradesh,2000,0.455
Uttar Pradesh,2001,0.46
Uttar Pradesh,2002,0.466
Uttar Pradesh,2003,0.479
Uttar Pradesh,2004,0.487
Uttar Pradesh,2005,0.496
Uttar Pradesh,2006,0.505
Uttar Pradesh,2007,0.512
Uttar Pradesh,2008,0.516
Uttar Pradesh,2009,0.519
Uttar Pradesh,2010,0.526
Uttar Pradesh,2011,0.536
Uttar Pradesh,2012,0.541
Uttar Pradesh,2013,0.548
Uttar Pradesh,2014,0.56
Uttar Pradesh,2015,0.568
Uttar Pradesh,2016,0.579
Uttar Pradesh,2017,0.591
Uttar Pradesh,2018,0.596
Uttar Pradesh,2019,0.604
Uttar Pradesh,2020,0.603
Uttar Pradesh,2021,0.598
Uttar Pradesh,2022,0.609
Uttaranchal,1990,0.627
Uttaranchal,1991,0.63
Uttaranchal,1992,0.636
Uttaranchal,1993,0.634
Uttaranchal,1994,0.629
Uttaranchal,1995,0.626
Uttaranchal,1996,0.624
Uttaranchal,1997,0.621
Uttaranchal,1998,0.619
Uttaranchal,1999,0.619
Uttaranchal,2000,0.62
Uttaranchal,2001,0.62
Uttaranchal,2002,0.623
Uttaranchal,2003,0.635
Uttaranchal,2004,0.641
Uttaranchal,2005,0.647
Uttaranchal,2006,0.653
Uttaranchal,2007,0.648
Uttaranchal,2008,0.641
Uttaranchal,2009,0.633
Uttaranchal,2010,0.631
Uttaranchal,2011,0.632
Uttaranchal,2012,0.629
Uttaranchal,2013,0.636
Uttaranchal,2014,0.647
Uttaranchal,2015,0.655
Uttaranchal,2016,0.666
Uttaranchal,2017,0.673
Uttaranchal,2018,0.672
Uttaranchal,2019,0.675
Uttaranchal,2020,0.675
Uttaranchal,2021,0.669
Uttaranchal,2022,0.681
West Bengal,1990,0.443
West Bengal,1991,0.446
West Bengal,1992,0.452
West Bengal,1993,0.456
West Bengal,1994,0.462
West Bengal,1995,0.468
West Bengal,1996,0.475
West Bengal,1997,0.481
West Bengal,1998,0.487
West Bengal,1999,0.495
West Bengal,2000,0.499
West Bengal,2001,0.502
West Bengal,2002,0.506
West Bengal,2003,0.518
West Bengal,2004,0.525
West Bengal,2005,0.532
West Bengal,2006,0.54
West Bengal,2007,0.547
West Bengal,2008,0.552
West Bengal,2009,0.556
West Bengal,2010,0.564
West Bengal,2011,0.575
West Bengal,2012,0.582
West Bengal,2013,0.59
West Bengal,2014,0.603
West Bengal,2015,0.613
West Bengal,2016,0.625
West Bengal,2017,0.63
West Bengal,2018,0.627
West Bengal,2019,0.628
West Bengal,2020,0.628
West Bengal,2021,0.623
West Bengal,2022,0.635
