State,Year,SHDI,LGNIC,HDI_category
Andaman and Nicobar Islands,1990,0.686,8.656,Medium
Andaman and Nicobar Islands,1991,0.69,8.641,Medium
Andaman and Nicobar Islands,1992,0.697,8.679,Medium
Andaman and Nicobar Islands,1993,0.691,8.705,Medium
Andaman and Nicobar Islands,1994,0.688,8.753,Medium
Andaman and Nicobar Islands,1995,0.685,8.811,Medium
Andaman and Nicobar Islands,1996,0.684,8.869,Medium
Andaman and Nicobar Islands,1997,0.682,8.888,Medium
Andaman and Nicobar Islands,1998,0.681,8.931,Medium
Andaman and Nicobar Islands,1999,0.682,9.003,Medium
Andaman and Nicobar Islands,2000,0.684,8.997,Medium
Andaman and Nicobar Islands,2001,0.685,9.008,Medium
Andaman and Nicobar Islands,2002,0.688,9.008,Medium
Andaman and Nicobar Islands,2003,0.699,9.049,Medium
Andaman and Nicobar Islands,2004,0.705,9.093,High
Andaman and Nicobar Islands,2005,0.712,9.136,High
Andaman and Nicobar Islands,2006,0.718,9.181,High
Andaman and Nicobar Islands,2007,0.713,9.21,High
Andaman and Nicobar Islands,2008,0.707,9.184,High
Andaman and Nicobar Islands,2009,0.699,9.212,Medium
Andaman and Nicobar Islands,2010,0.697,9.241,Medium
Andaman and Nicobar Islands,2011,0.7,9.243,High
Andaman and Nicobar Islands,2012,0.696,9.243,Medium
Andaman and Nicobar Islands,2013,0.7,9.232,High
Andaman and Nicobar Islands,2014,0.708,9.233,High
Andaman and Nicobar Islands,2015,0.714,9.241,High
Andaman and Nicobar Islands,2016,0.723,9.241,High
Andaman and Nicobar Islands,2017,0.718,9.268,High
Andaman and Nicobar Islands,2018,0.707,9.282,High
Andaman and Nicobar Islands,2019,0.699,9.272,Medium
Andaman and Nicobar Islands,2020,0.699,9.195,Medium
Andaman and Nicobar Islands,2021,0.693,9.27,Medium
Andaman and Nicobar Islands,2022,0.706,9.334,High
Andhra Pradesh,1990,0.428,7.419,Low
Andhra Pradesh,1991,0.43,7.406,Low
Andhra Pradesh,1992,0.435,7.439,Low
Andhra Pradesh,1993,0.438,7.467,Low
Andhra Pradesh,1994,0.441,7.514,Low
Andhra Pradesh,1995,0.446,7.57,Low
Andhra Pradesh,1996,0.45,7.626,Low
Andhra Pradesh,1997,0.454,7.649,Low
Andhra Pradesh,1998,0.459,7.692,Low
Andhra Pradesh,1999,0.464,7.761,Low
Andhra Pradesh,2000,0.472,7.795,Low
Andhra Pradesh,2001,0.478,7.843,Low
Andhra Pradesh,2002,0.487,7.882,Low
Andhra Pradesh,2003,0.502,7.957,Low
Andhra Pradesh,2004,0.513,8.034,Low
Andhra Pradesh,2005,0.524,8.111,Low
Andhra Pradesh,2006,0.535,8.191,Low
Andhra Pradesh,2007,0.546,8.274,Low
Andhra Pradesh,2008,0.554,8.308,Medium
Andhra Pradesh,2009,0.56,8.39,Medium
Andhra Pradesh,2010,0.571,8.474,Medium
Andhra Pradesh,2011,0.586,8.533,Medium
Andhra Pradesh,2012,0.595,8.59,Medium
Andhra Pradesh,2013,0.602,8.638,Medium
Andhra Pradesh,2014,0.614,8.697,Medium
Andhra Pradesh,2015,0.623,8.761,Medium
Andhra Pradesh,2016,0.635,8.819,Medium
Andhra Pradesh,2017,0.638,8.884,Medium
Andhra Pradesh,2018,0.635,8.937,Medium
Andhra Pradesh,2019,0.635,8.967,Medium
Andhra Pradesh,2020,0.635,8.892,Medium
Andhra Pradesh,2021,0.63,8.965,Medium
Andhra Pradesh,2022,0.642,9.027,Medium
Arunachal Pradesh,1990,0.442,7.489,Low
Arunachal Pradesh,1991,0.445,7.476,Low
Arunachal Pradesh,1992,0.449,7.509,Low
Arunachal Pradesh,1993,0.455,7.528,Low
Arunachal Pradesh,1994,0.461,7.565,Low
Arunachal Pradesh,1995,0.467,7.611,Low
Arunachal Pradesh,1996,0.474,7.658,Low
Arunachal Pradesh,1997,0.479,7.671,Low
Arunachal Pradesh,1998,0.485,7.703,Low
Arunachal Pradesh,1999,0.493,7.762,Low
Arunachal Pradesh,2000,0.496,7.817,Low
Arunachal Pradesh,2001,0.499,7.886,Low
Arunachal Pradesh,2002,0.503,7.946,Low
Arunachal Pradesh,2003,0.514,8.042,Low
Arunachal Pradesh,2004,0.521,8.141,Low
Arunachal Pradesh,2005,0.528,8.24,Low
Arunachal Pradesh,2006,0.535,8.342,Low
Arunachal Pradesh,2007,0.562,8.448,Medium
Arunachal Pradesh,2008,0.586,8.505,Medium
Arunachal Pradesh,2009,0.606,8.61,Medium
Arunachal Pradesh,2010,0.632,8.717,Medium
Arunachal Pradesh,2011,0.66,8.8,Medium
Arunachal Pradesh,2012,0.682,8.88,Medium
Arunachal Pradesh,2013,0.672,8.841,Medium
Arunachal Pradesh,2014,0.666,8.813,Medium
Arunachal Pradesh,2015,0.655,8.792,Medium
Arunachal Pradesh,2016,0.645,8.763,Medium
Arunachal Pradesh,2017,0.659,8.859,Medium
Arunachal Pradesh,2018,0.666,8.943,Medium
Arunachal Pradesh,2019,0.675,9.004,Medium
Arunachal Pradesh,2020,0.675,8.929,Medium
Arunachal Pradesh,2021,0.67,9.002,Medium
Arunachal Pradesh,2022,0.683,9.064,Medium
Assam,1990,0.413,7.174,Low
Assam,1991,0.415,7.163,Low
Assam,1992,0.42,7.194,Low
Assam,1993,0.426,7.212,Low
Assam,1994,0.434,7.248,Low
Assam,1995,0.442,7.292,Low
Assam,1996,0.45,7.337,Low
Assam,1997,0.458,7.349,Low
Assam,1998,0.466,7.38,Low
Assam,1999,0.476,7.437,Low
Assam,2000,0.481,7.462,Low
Assam,2001,0.486,7.502,Low
Assam,2002,0.493,7.532,Low
Assam,2003,0.506,7.597,Low
Assam,2004,0.515,7.664,Low
Assam,2005,0.524,7.731,Low
Assam,2006,0.533,7.8,Low
Assam,2007,0.54,7.874,Low
Assam,2008,0.545,7.901,Low
Assam,2009,0.549,7.975,Low
Assam,2010,0.557,8.049,Medium
Assam,2011,0.569,8.101,Medium
Assam,2012,0.576,8.15,Medium
Assam,2013,0.579,8.154,Medium
Assam,2014,0.586,8.17,Medium
Assam,2015,0.59,8.19,Medium
Assam,2016,0.598,8.205,Medium
Assam,2017,0.605,8.262,Medium
Assam,2018,0.605,8.307,Medium
Assam,2019,0.609,8.331,Medium
Assam,2020,0.608,8.262,Medium
Assam,2021,0.603,8.33,Medium
Assam,2022,0.615,8.387,Medium
Bihar,1990,0.38,7.154,Low
Bihar,1991,0.382,7.143,Low
Bihar,1992,0.387,7.174,Low
Bihar,1993,0.391,7.183,Low
Bihar,1994,0.396,7.21,Low
Bihar,1995,0.402,7.245,Low
Bihar,1996,0.408,7.28,Low
Bihar,1997,0.413,7.283,Low
Bihar,1998,0.418,7.305,Low
Bihar,1999,0.425,7.352,Low
Bihar,2000,0.429,7.364,Low
Bihar,2001,0.432,7.39,Low
Bihar,2002,0.437,7.406,Low
Bihar,2003,0.448,7.457,Low
Bihar,2004,0.455,7.509,Low
Bihar,2005,0.463,7.562,Low
Bihar,2006,0.47,7.617,Low
Bihar,2007,0.481,7.654,Low
Bihar,2008,0.489,7.647,Low
Bihar,2009,0.495,7.683,Low
Bihar,2010,0.506,7.72,Low
Bihar,2011,0.519,7.736,Low
Bihar,2012,0.527,7.749,Low
Bihar,2013,0.533,7.786,Low
Bihar,2014,0.543,7.833,Low
Bihar,2015,0.551,7.885,Medium
Bihar,2016,0.561,7.931,Medium
Bihar,2017,0.567,8.035,Medium
Bihar,2018,0.567,8.127,Medium
Bihar,2019,0.571,8.198,Medium
Bihar,2020,0.57,8.13,Medium
Bihar,2021,0.566,8.197,Medium
Bihar,2022,0.577,8.253,Medium
Chandigarth,1990,0.636,8.328,Medium
Chandigarth,1991,0.639,8.314,Medium
Chandigarth,1992,0.646,8.35,Medium
Chandigarth,1993,0.64,8.375,Medium
Chandigarth,1994,0.635,8.421,Medium
Chandigarth,1995,0.632,8.477,Medium
Chandigarth,1996,0.631,8.533,Medium
Chandigarth,1997,0.628,8.551,Medium
Chandigarth,1998,0.626,8.592,Medium
Chandigarth,1999,0.627,8.662,Medium
Chandigarth,2000,0.628,8.656,Medium
Chandigarth,2001,0.629,8.667,Medium
Chandigarth,2002,0.632,8.667,Medium
Chandigarth,2003,0.643,8.706,Medium
Chandigarth,2004,0.649,8.748,Medium
Chandigarth,2005,0.655,8.79,Medium
Chandigarth,2006,0.661,8.833,Medium
Chandigarth,2007,0.656,8.861,Medium
Chandigarth,2008,0.65,8.836,Medium
Chandigarth,2009,0.642,8.863,Medium
Chandigarth,2010,0.639,8.89,Medium
Chandigarth,2011,0.641,8.893,Medium
Chandigarth,2012,0.638,8.892,Medium
Chandigarth,2013,0.666,9.064,Medium
Chandigarth,2014,0.697,9.248,Medium
Chandigarth,2015,0.725,9.437,High
Chandigarth,2016,0.755,9.62,High
Chandigarth,2017,0.756,9.62,High
Chandigarth,2018,0.749,9.607,High
Chandigarth,2019,0.745,9.569,High
Chandigarth,2020,0.745,9.489,High
Chandigarth,2021,0.738,9.567,High
Chandigarth,2022,0.751,9.633,High
Chhattisgarh,1990,0.563,7.597,Medium
Chhattisgarh,1991,0.566,7.585,Medium
Chhattisgarh,1992,0.571,7.618,Medium
Chhattisgarh,1993,0.566,7.641,Medium
Chhattisgarh,1994,0.562,7.682,Medium
Chhattisgarh,1995,0.559,7.734,Medium
Chhattisgarh,1996,0.557,7.784,Medium
Chhattisgarh,1997,0.554,7.802,Medium
Chhattisgarh,1998,0.552,7.839,Medium
Chhattisgarh,1999,0.552,7.902,Medium
Chhattisgarh,2000,0.553,7.897,Medium
Chhattisgarh,2001,0.554,7.907,Medium
Chhattisgarh,2002,0.557,7.907,Medium
Chhattisgarh,2003,0.567,7.943,Medium
Chhattisgarh,2004,0.573,7.981,Medium
Chhattisgarh,2005,0.578,8.019,Medium
Chhattisgarh,2006,0.584,8.058,Medium
Chhattisgarh,2007,0.58,8.084,Medium
Chhattisgarh,2008,0.573,8.061,Medium
Chhattisgarh,2009,0.566,8.086,Medium
Chhattisgarh,2010,0.563,8.111,Medium
Chhattisgarh,2011,0.565,8.113,Medium
Chhattisgarh,2012,0.562,8.113,Medium
Chhattisgarh,2013,0.568,8.168,Medium
Chhattisgarh,2014,0.578,8.235,Medium
Chhattisgarh,2015,0.586,8.307,Medium
Chhattisgarh,2016,0.597,8.373,Medium
Chhattisgarh,2017,0.607,8.474,Medium
Chhattisgarh,2018,0.611,8.563,Medium
Chhattisgarh,2019,0.618,8.63,Medium
Chhattisgarh,2020,0.618,8.558,Medium
Chhattisgarh,2021,0.613,8.628,Medium
Chhattisgarh,2022,0.625,8.688,Medium
Dadra and Nagar Haveli,1990,0.672,8.284,Medium
Dadra and Nagar Haveli,1991,0.676,8.27,Medium
Dadra and Nagar Haveli,1992,0.682,8.306,Medium
Dadra and Nagar Haveli,1993,0.68,8.331,Medium
Dadra and Nagar Haveli,1994,0.676,8.377,Medium
Dadra and Nagar Haveli,1995,0.673,8.432,Medium
Dadra and Nagar Haveli,1996,0.672,8.488,Medium
Dadra and Nagar Haveli,1997,0.67,8.506,Medium
Dadra and Nagar Haveli,1998,0.669,8.547,Medium
Dadra and Nagar Haveli,1999,0.67,8.616,Medium
Dadra and Nagar Haveli,2000,0.672,8.611,Medium
Dadra and Nagar Haveli,2001,0.673,8.621,Medium
Dadra and Nagar Haveli,2002,0.676,8.621,Medium
Dadra and Nagar Haveli,2003,0.687,8.661,Medium
Dadra and Nagar Haveli,2004,0.693,8.702,Medium
Dadra and Nagar Haveli,2005,0.699,8.743,Medium
Dadra and Nagar Haveli,2006,0.706,8.786,High
Dadra and Nagar Haveli,2007,0.701,8.814,High
Dadra and Nagar Haveli,2008,0.695,8.79,Medium
Dadra and Nagar Haveli,2009,0.687,8.816,Medium
Dadra and Nagar Haveli,2010,0.685,8.844,Medium
Dadra and Nagar Haveli,2011,0.687,8.846,Medium
Dadra and Nagar Haveli,2012,0.684,8.846,Medium
Dadra and Nagar Haveli,2013,0.673,8.791,Medium
Dadra and Nagar Haveli,2014,0.665,8.748,Medium
Dadra and Nagar Haveli,2015,0.655,8.711,Medium
Dadra and Nagar Haveli,2016,0.647,8.667,Medium
Dadra and Nagar Haveli,2017,0.64,8.68,Medium
Dadra and Nagar Haveli,2018,0.628,8.681,Medium
Dadra and Nagar Haveli,2019,0.618,8.66,Medium
Dadra and Nagar Haveli,2020,0.618,8.588,Medium
Dadra and Nagar Haveli,2021,0.613,8.658,Medium
Dadra and Nagar Haveli,2022,0.624,8.718,Medium
Daman and Diu,1990,0.651,8.594,Medium
Daman and Diu,1991,0.656,8.58,Medium
Daman and Diu,1992,0.663,8.617,Medium
Daman and Diu,1993,0.658,8.643,Medium
Daman and Diu,1994,0.654,8.69,Medium
Daman and Diu,1995,0.652,8.748,Medium
Daman and Diu,1996,0.651,8.805,Medium
Daman and Diu,1997,0.65,8.825,Medium
Daman and Diu,1998,0.65,8.867,Medium
Daman and Diu,1999,0.651,8.939,Medium
Daman and Diu,2000,0.654,8.933,Medium
Daman and Diu,2001,0.654,8.944,Medium
Daman and Diu,2002,0.657,8.944,Medium
Daman and Diu,2003,0.668,8.985,Medium
Daman and Diu,2004,0.673,9.028,Medium
Daman and Diu,2005,0.679,9.071,Medium
Daman and Diu,2006,0.685,9.115,Medium
Daman and Diu,2007,0.681,9.144,Medium
Daman and Diu,2008,0.675,9.119,Medium
Daman and Diu,2009,0.668,9.146,Medium
Daman and Diu,2010,0.666,9.174,Medium
Daman and Diu,2011,0.669,9.177,Medium
Daman and Diu,2012,0.666,9.177,Medium
Daman and Diu,2013,0.669,9.166,Medium
Daman and Diu,2014,0.677,9.167,Medium
Daman and Diu,2015,0.682,9.175,Medium
Daman and Diu,2016,0.69,9.175,Medium
Daman and Diu,2017,0.686,9.154,Medium
Daman and Diu,2018,0.676,9.121,Medium
Daman and Diu,2019,0.668,9.065,Medium
Daman and Diu,2020,0.668,8.989,Medium
Daman and Diu,2021,0.662,9.063,Medium
Daman and Diu,2022,0.674,9.125,Medium
Goa,1990,0.558,8.034,Medium
Goa,1991,0.561,8.021,Medium
Goa,1992,0.567,8.056,Medium
Goa,1993,0.57,8.105,Medium
Goa,1994,0.573,8.174,Medium
Goa,1995,0.577,8.253,Medium
Goa,1996,0.583,8.332,Medium
Goa,1997,0.587,8.375,Medium
Goa,1998,0.592,8.44,Medium
Goa,1999,0.599,8.534,Medium
Goa,2000,0.608,8.582,Medium
Goa,2001,0.615,8.646,Medium
Goa,2002,0.624,8.699,Medium
Goa,2003,0.641,8.792,Medium
Goa,2004,0.653,8.888,Medium
Goa,2005,0.665,8.984,Medium
Goa,2006,0.678,9.082,Medium
Goa,2007,0.692,9.187,Medium
Goa,2008,0.704,9.237,High
Goa,2009,0.713,9.341,High
Goa,2010,0.728,9.446,High
Goa,2011,0.747,9.525,High
Goa,2012,0.759,9.601,High
Goa,2013,0.753,9.565,High
Goa,2014,0.751,9.543,High
Goa,2015,0.746,9.527,High
Goa,2016,0.743,9.504,High
Goa,2017,0.751,9.546,High
Goa,2018,0.751,9.575,High
Goa,2019,0.753,9.579,High
Goa,2020,0.754,9.499,High
Goa,2021,0.747,9.577,High
Goa,2022,0.76,9.643,High
Gujarat,1990,0.474,7.85,Low
Gujarat,1991,0.477,7.837,Low
Gujarat,1992,0.483,7.871,Low
Gujarat,1993,0.485,7.902,Low
Gujarat,1994,0.488,7.953,Low
Gujarat,1995,0.492,8.013,Low
Gujarat,1996,0.498,8.073,Low
Gujarat,1997,0.502,8.099,Low
Gujarat,1998,0.507,8.145,Low
Gujarat,1999,0.514,8.219,Low
Gujarat,2000,0.52,8.243,Low
Gujarat,2001,0.526,8.283,Low
Gujarat,2002,0.533,8.312,Low
Gujarat,2003,0.547,8.38,Low
Gujarat,2004,0.556,8.45,Medium
Gujarat,2005,0.566,8.52,Medium
Gujarat,2006,0.577,8.592,Medium
Gujarat,2007,0.583,8.642,Medium
Gujarat,2008,0.587,8.642,Medium
Gujarat,2009,0.589,8.691,Medium
Gujarat,2010,0.597,8.741,Medium
Gujarat,2011,0.608,8.767,Medium
Gujarat,2012,0.614,8.79,Medium
Gujarat,2013,0.622,8.845,Medium
Gujarat,2014,0.634,8.913,Medium
Gujarat,2015,0.643,8.986,Medium
Gujarat,2016,0.656,9.052,Medium
Gujarat,2017,0.654,9.061,Medium
Gujarat,2018,0.645,9.058,Medium
Gujarat,2019,0.64,9.031,Medium
Gujarat,2020,0.64,8.956,Medium
Gujarat,2021,0.635,9.03,Medium
Gujarat,2022,0.646,9.092,Medium
Haryana,1990,0.471,7.73,Low
Haryana,1991,0.474,7.717,Low
Haryana,1992,0.479,7.751,Low
Haryana,1993,0.485,7.809,Low
Haryana,1994,0.493,7.887,Low
Haryana,1995,0.501,7.975,Low
Haryana,1996,0.51,8.064,Low
Haryana,1997,0.518,8.118,Low
Haryana,1998,0.527,8.192,Low
Haryana,1999,0.537,8.295,Low
Haryana,2000,0.542,8.314,Low
Haryana,2001,0.546,8.348,Low
Haryana,2002,0.553,8.371,Medium
Haryana,2003,0.566,8.433,Medium
Haryana,2004,0.575,8.497,Medium
Haryana,2005,0.584,8.561,Medium
Haryana,2006,0.594,8.628,Medium
Haryana,2007,0.603,8.691,Medium
Haryana,2008,0.61,8.703,Medium
Haryana,2009,0.615,8.766,Medium
Haryana,2010,0.625,8.829,Medium
Haryana,2011,0.639,8.868,Medium
Haryana,2012,0.648,8.904,Medium
Haryana,2013,0.656,8.989,Medium
Haryana,2014,0.669,9.087,Medium
Haryana,2015,0.678,9.19,Medium
Haryana,2016,0.691,9.286,Medium
Haryana,2017,0.694,9.313,Medium
Haryana,2018,0.69,9.328,Medium
Haryana,2019,0.689,9.319,Medium
Haryana,2020,0.689,9.241,Medium
Haryana,2021,0.683,9.317,Medium
Haryana,2022,0.696,9.381,Medium
Himachal Pradesh,1990,0.485,7.553,Low
Himachal Pradesh,1991,0.488,7.541,Low
Himachal Pradesh,1992,0.493,7.574,Low
Himachal Pradesh,1993,0.503,7.651,Low
Himachal Pradesh,1994,0.514,7.747,Low
Himachal Pradesh,1995,0.525,7.854,Low
Himachal Pradesh,1996,0.538,7.961,Low
Himachal Pradesh,1997,0.549,8.035,Low
Himachal Pradesh,1998,0.562,8.129,Medium
Himachal Pradesh,1999,0.575,8.251,Medium
Himachal Pradesh,2000,0.583,8.291,Medium
Himachal Pradesh,2001,0.589,8.346,Medium
Himachal Pradesh,2002,0.598,8.391,Medium
Himachal Pradesh,2003,0.615,8.475,Medium
Himachal Pradesh,2004,0.626,8.561,Medium
Himachal Pradesh,2005,0.638,8.648,Medium
Himachal Pradesh,2006,0.65,8.736,Medium
Himachal Pradesh,2007,0.653,8.79,Medium
Himachal Pradesh,2008,0.654,8.791,Medium
Himachal Pradesh,2009,0.653,8.843,Medium
Himachal Pradesh,2010,0.658,8.897,Medium
Himachal Pradesh,2011,0.667,8.925,Medium
Himachal Pradesh,2012,0.67,8.951,Medium
Himachal Pradesh,2013,0.677,9.025,Medium
Himachal Pradesh,2014,0.688,9.113,Medium
Himachal Pradesh,2015,0.696,9.206,Medium
Himachal Pradesh,2016,0.707,9.291,High
Himachal Pradesh,2017,0.712,9.308,High
Himachal Pradesh,2018,0.709,9.313,High
Himachal Pradesh,2019,0.709,9.293,High
Himachal Pradesh,2020,0.709,9.215,High
Himachal Pradesh,2021,0.703,9.291,High
Himachal Pradesh,2022,0.715,9.355,High
Jammu and Kashmir,1990,0.499,7.686,Low
Jammu and Kashmir,1991,0.502,7.673,Low
Jammu and Kashmir,1992,0.507,7.707,Low
Jammu and Kashmir,1993,0.506,7.748,Low
Jammu and Kashmir,1994,0.506,7.808,Low
Jammu and Kashmir,1995,0.507,7.879,Low
Jammu and Kashmir,1996,0.509,7.949,Low
Jammu and Kashmir,1997,0.51,7.985,Low
Jammu and Kashmir,1998,0.511,8.041,Low
Jammu and Kashmir,1999,0.514,8.125,Low
Jammu and Kashmir,2000,0.522,8.15,Low
Jammu and Kashmir,2001,0.53,8.19,Low
Jammu and Kashmir,2002,0.539,8.22,Low
Jammu and Kashmir,2003,0.556,8.288,Medium
Jammu and Kashmir,2004,0.568,8.358,Medium
Jammu and Kashmir,2005,0.581,8.428,Medium
Jammu and Kashmir,2006,0.593,8.5,Medium
Jammu and Kashmir,2007,0.605,8.573,Medium
Jammu and Kashmir,2008,0.614,8.596,Medium
Jammu and Kashmir,2009,0.621,8.668,Medium
Jammu and Kashmir,2010,0.633,8.741,Medium
Jammu and Kashmir,2011,0.648,8.79,Medium
Jammu and Kashmir,2012,0.658,8.836,Medium
Jammu and Kashmir,2013,0.659,8.874,Medium
Jammu and Kashmir,2014,0.665,8.925,Medium
Jammu and Kashmir,2015,0.667,8.981,Medium
Jammu and Kashmir,2016,0.672,9.03,Medium
Jammu and Kashmir,2017,0.69,9.106,Medium
Jammu and Kashmir,2018,0.7,9.169,High
Jammu and Kashmir,2019,0.712,9.208,High
Jammu and Kashmir,2020,0.712,9.131,High
Jammu and Kashmir,2021,0.706,9.206,High
Jammu and Kashmir,2022,0.72,9.27,High
Jharkhand,1990,0.563,7.468,Medium
Jharkhand,1991,0.566,7.456,Medium
Jharkhand,1992,0.572,7.489,Medium
Jharkhand,1993,0.566,7.511,Medium
Jharkhand,1994,0.562,7.552,Medium
Jharkhand,1995,0.559,7.602,Medium
Jharkhand,1996,0.557,7.652,Medium
Jharkhand,1997,0.554,7.669,Medium
Jharkhand,1998,0.553,7.706,Medium
Jharkhand,1999,0.553,7.768,Medium
Jharkhand,2000,0.554,7.763,Medium
Jharkhand,2001,0.554,7.773,Medium
Jharkhand,2002,0.557,7.773,Medium
Jharkhand,2003,0.568,7.808,Medium
Jharkhand,2004,0.573,7.845,Medium
Jharkhand,2005,0.579,7.883,Medium
Jharkhand,2006,0.585,7.922,Medium
Jharkhand,2007,0.58,7.946,Medium
Jharkhand,2008,0.574,7.925,Medium
Jharkhand,2009,0.566,7.948,Medium
Jharkhand,2010,0.564,7.973,Medium
Jharkhand,2011,0.566,7.975,Medium
Jharkhand,2012,0.562,7.975,Medium
Jharkhand,2013,0.565,8.002,Medium
Jharkhand,2014,0.572,8.041,Medium
Jharkhand,2015,0.577,8.084,Medium
Jharkhand,2016,0.584,8.121,Medium
Jharkhand,2017,0.59,8.192,Medium
Jharkhand,2018,0.59,8.252,Medium
Jharkhand,2019,0.593,8.29,Medium
Jharkhand,2020,0.593,8.221,Medium
Jharkhand,2021,0.588,8.289,Medium
Jharkhand,2022,0.6,8.346,Medium
Karnataka,1990,0.448,7.546,Low
Karnataka,1991,0.45,7.533,Low
Karnataka,1992,0.455,7.566,Low
Karnataka,1993,0.461,7.605,Low
Karnataka,1994,0.467,7.662,Low
Karnataka,1995,0.474,7.729,Low
Karnataka,1996,0.482,7.796,Low
Karnataka,1997,0.488,7.829,Low
Karnataka,1998,0.495,7.883,Low
Karnataka,1999,0.504,7.963,Low
Karnataka,2000,0.511,7.983,Low
Karnataka,2001,0.516,8.017,Low
Karnataka,2002,0.524,8.042,Low
Karnataka,2003,0.538,8.103,Low
Karnataka,2004,0.549,8.167,Low
Karnataka,2005,0.559,8.231,Medium
Karnataka,2006,0.57,8.297,Medium
Karnataka,2007,0.577,8.38,Medium
Karnataka,2008,0.583,8.413,Medium
Karnataka,2009,0.587,8.496,Medium
Karnataka,2010,0.597,8.579,Medium
Karnataka,2011,0.609,8.639,Medium
Karnataka,2012,0.617,8.695,Medium
Karnataka,2013,0.627,8.728,Medium
Karnataka,2014,0.641,8.772,Medium
Karnataka,2015,0.652,8.822,Medium
Karnataka,2016,0.667,8.865,Medium
Karnataka,2017,0.67,8.943,Medium
Karnataka,2018,0.667,9.009,Medium
Karnataka,2019,0.667,9.052,Medium
Karnataka,2020,0.667,8.976,Medium
Karnataka,2021,0.661,9.05,Medium
Karnataka,2022,0.673,9.112,Medium
Kerala,1990,0.551,7.819,Medium
Kerala,1991,0.554,7.806,Medium
Kerala,1992,0.56,7.841,Medium
Kerala,1993,0.561,7.814,Medium
Kerala,1994,0.563,7.806,Medium
Kerala,1995,0.565,7.808,Medium
Kerala,1996,0.569,7.808,Medium
Kerala,1997,0.571,7.774,Medium
Kerala,1998,0.574,7.76,Medium
Kerala,1999,0.579,7.771,Medium
Kerala,2000,0.592,7.9,Medium
Kerala,2001,0.604,8.044,Medium
Kerala,2002,0.618,8.177,Medium
Kerala,2003,0.639,8.349,Medium
Kerala,2004,0.656,8.524,Medium
Kerala,2005,0.672,8.701,Medium
Kerala,2006,0.689,8.88,Medium
Kerala,2007,0.695,8.925,Medium
Kerala,2008,0.698,8.916,Medium
Kerala,2009,0.699,8.959,Medium
Kerala,2010,0.706,9.004,High
Kerala,2011,0.718,9.023,High
Kerala,2012,0.723,9.038,High
Kerala,2013,0.73,9.12,High
Kerala,2014,0.741,9.213,High
Kerala,2015,0.75,9.313,High
Kerala,2016,0.761,9.405,High
Kerala,2017,0.762,9.399,High
Kerala,2018,0.755,9.381,High
Kerala,2019,0.751,9.338,High
Kerala,2020,0.751,9.26,High
Kerala,2021,0.745,9.336,High
Kerala,2022,0.758,9.4,High
Lakshadweep,1990,0.695,8.81,Medium
Lakshadweep,1991,0.699,8.796,Medium
Lakshadweep,1992,0.706,8.834,High
Lakshadweep,1993,0.7,8.861,High
Lakshadweep,1994,0.697,8.909,Medium
Lakshadweep,1995,0.694,8.968,Medium
Lakshadweep,1996,0.693,9.027,Medium
Lakshadweep,1997,0.691,9.047,Medium
Lakshadweep,1998,0.69,9.09,Medium
Lakshadweep,1999,0.691,9.164,Medium
Lakshadweep,2000,0.694,9.158,Medium
Lakshadweep,2001,0.695,9.17,Medium
Lakshadweep,2002,0.698,9.169,Medium
Lakshadweep,2003,0.709,9.211,High
Lakshadweep,2004,0.715,9.255,High
Lakshadweep,2005,0.721,9.299,High
Lakshadweep,2006,0.728,9.345,High
Lakshadweep,2007,0.723,9.374,High
Lakshadweep,2008,0.717,9.349,High
Lakshadweep,2009,0.709,9.377,High
Lakshadweep,2010,0.707,9.406,High
Lakshadweep,2011,0.71,9.408,High
Lakshadweep,2012,0.706,9.408,High
Lakshadweep,2013,0.71,9.397,High
Lakshadweep,2014,0.718,9.398,High
Lakshadweep,2015,0.723,9.406,High
Lakshadweep,2016,0.732,9.406,High
Lakshadweep,2017,0.729,9.404,High
Lakshadweep,2018,0.719,9.389,High
Lakshadweep,2019,0.712,9.35,High
Lakshadweep,2020,0.713,9.272,High
Lakshadweep,2021,0.706,9.348,High
Lakshadweep,2022,0.719,9.413,High
Madhya Pradesh,1990,0.408,7.442,Low
Madhya Pradesh,1991,0.41,7.43,Low
Madhya Pradesh,1992,0.415,7.462,Low
Madhya Pradesh,1993,0.418,7.481,Low
Madhya Pradesh,1994,0.422,7.519,Low
Madhya Pradesh,1995,0.427,7.565,Low
Madhya Pradesh,1996,0.432,7.612,Low
Madhya Pradesh,1997,0.436,7.625,Low
Madhya Pradesh,1998,0.44,7.658,Low
Madhya Pradesh,1999,0.446,7.716,Low
Madhya Pradesh,2000,0.452,7.709,Low
Madhya Pradesh,2001,0.456,7.716,Low
Madhya Pradesh,2002,0.463,7.713,Low
Madhya Pradesh,2003,0.475,7.746,Low
Madhya Pradesh,2004,0.484,7.78,Low
Madhya Pradesh,2005,0.493,7.814,Low
Madhya Pradesh,2006,0.503,7.85,Low
Madhya Pradesh,2007,0.51,7.906,Low
Madhya Pradesh,2008,0.516,7.915,Low
Madhya Pradesh,2009,0.52,7.969,Low
Madhya Pradesh,2010,0.528,8.025,Low
Madhya Pradesh,2011,0.54,8.058,Low
Madhya Pradesh,2012,0.547,8.088,Low
Madhya Pradesh,2013,0.555,8.148,Medium
Madhya Pradesh,2014,0.567,8.219,Medium
Madhya Pradesh,2015,0.577,8.295,Medium
Madhya Pradesh,2016,0.589,8.365,Medium
Madhya Pradesh,2017,0.598,8.449,Medium
Madhya Pradesh,2018,0.6,8.522,Medium
Madhya Pradesh,2019,0.605,8.572,Medium
Madhya Pradesh,2020,0.605,8.5,Medium
Madhya Pradesh,2021,0.599,8.57,Medium
Madhya Pradesh,2022,0.611,8.629,Medium
Maharashtra,1990,0.498,7.842,Low
Maharashtra,1991,0.501,7.829,Low
Maharashtra,1992,0.507,7.863,Low
Maharashtra,1993,0.511,7.893,Low
Maharashtra,1994,0.515,7.943,Low
Maharashtra,1995,0.521,8.003,Low
Maharashtra,1996,0.527,8.063,Low
Maharashtra,1997,0.532,8.087,Low
Maharashtra,1998,0.538,8.133,Low
Maharashtra,1999,0.545,8.206,Low
Maharashtra,2000,0.551,8.217,Medium
Maharashtra,2001,0.556,8.242,Medium
Maharashtra,2002,0.563,8.258,Medium
Maharashtra,2003,0.577,8.311,Medium
Maharashtra,2004,0.586,8.367,Medium
Maharashtra,2005,0.596,8.423,Medium
Maharashtra,2006,0.606,8.48,Medium
Maharashtra,2007,0.615,8.54,Medium
Maharashtra,2008,0.621,8.549,Medium
Maharashtra,2009,0.626,8.607,Medium
Maharashtra,2010,0.636,8.667,Medium
Maharashtra,2011,0.649,8.703,Medium
Maharashtra,2012,0.657,8.735,Medium
Maharashtra,2013,0.66,8.771,Medium
Maharashtra,2014,0.668,8.82,Medium
Maharashtra,2015,0.672,8.874,Medium
Maharashtra,2016,0.68,8.921,Medium
Maharashtra,2017,0.687,8.987,Medium
Maharashtra,2018,0.686,9.041,Medium
Maharashtra,2019,0.689,9.071,Medium
Maharashtra,2020,0.689,8.996,Medium
Maharashtra,2021,0.683,9.07,Medium
Maharashtra,2022,0.695,9.132,Medium
Manipur,1990,0.5,7.321,Low
Manipur,1991,0.503,7.309,Low
Manipur,1992,0.509,7.341,Low
Manipur,1993,0.512,7.384,Low
Manipur,1994,0.517,7.446,Low
Manipur,1995,0.522,7.517,Low
Manipur,1996,0.528,7.588,Low
Manipur,1997,0.533,7.626,Low
Manipur,1998,0.54,7.684,Low
Manipur,1999,0.547,7.768,Low
Manipur,2000,0.552,7.791,Medium
Manipur,2001,0.556,7.827,Medium
Manipur,2002,0.562,7.854,Medium
Manipur,2003,0.574,7.918,Medium
Manipur,2004,0.582,7.983,Medium
Manipur,2005,0.591,8.049,Medium
Manipur,2006,0.6,8.116,Medium
Manipur,2007,0.619,8.287,Medium
Manipur,2008,0.636,8.409,Medium
Manipur,2009,0.652,8.579,Medium
Manipur,2010,0.672,8.752,Medium
Manipur,2011,0.696,8.9,Medium
Manipur,2012,0.714,9.045,High
Manipur,2013,0.703,8.905,High
Manipur,2014,0.695,8.777,Medium
Manipur,2015,0.686,8.655,Medium
Manipur,2016,0.678,8.526,Medium
Manipur,2017,0.682,8.571,Medium
Manipur,2018,0.678,8.603,Medium
Manipur,2019,0.676,8.614,Medium
Manipur,2020,0.676,8.542,Medium
Manipur,2021,0.671,8.612,Medium
Manipur,2022,0.683,8.671,Medium
Meghalaya,1990,0.461,7.352,Low
Meghalaya,1991,0.464,7.34,Low
Meghalaya,1992,0.469,7.372,Low
Meghalaya,1993,0.467,7.37,Low
Meghalaya,1994,0.465,7.387,Low
Meghalaya,1995,0.465,7.412,Low
Meghalaya,1996,0.464,7.436,Low
Meghalaya,1997,0.462,7.428,Low
Meghalaya,1998,0.461,7.439,Low
Meghalaya,1999,0.461,7.474,Low
Meghalaya,2000,0.47,7.54,Low
Meghalaya,2001,0.477,7.619,Low
Meghalaya,2002,0.487,7.689,Low
Meghalaya,2003,0.502,7.794,Low
Meghalaya,2004,0.514,7.902,Low
Meghalaya,2005,0.526,8.01,Low
Meghalaya,2006,0.538,8.121,Low
Meghalaya,2007,0.558,8.269,Medium
Meghalaya,2008,0.575,8.368,Medium
Meghalaya,2009,0.591,8.515,Medium
Meghalaya,2010,0.611,8.664,Medium
Meghalaya,2011,0.634,8.788,Medium
Meghalaya,2012,0.652,8.911,Medium
Meghalaya,2013,0.646,8.815,Medium
Meghalaya,2014,0.645,8.731,Medium
Meghalaya,2015,0.641,8.653,Medium
Meghalaya,2016,0.64,8.568,Medium
Meghalaya,2017,0.645,8.62,Medium
Meghalaya,2018,0.642,8.661,Medium
Meghalaya,2019,0.643,8.679,Medium
Meghalaya,2020,0.643,8.606,Medium
Meghalaya,2021,0.637,8.677,Medium
Meghalaya,2022,0.65,8.737,Medium
Mizoram,1990,0.532,7.522,Low
Mizoram,1991,0.535,7.51,Low
Mizoram,1992,0.541,7.543,Low
Mizoram,1993,0.541,7.588,Low
Mizoram,1994,0.542,7.653,Low
Mizoram,1995,0.543,7.727,Low
Mizoram,1996,0.546,7.801,Low
Mizoram,1997,0.547,7.842,Low
Mizoram,1998,0.55,7.902,Medium
Mizoram,1999,0.553,7.99,Medium
Mizoram,2000,0.563,8.076,Medium
Mizoram,2001,0.571,8.176,Medium
Mizoram,2002,0.581,8.266,Medium
Mizoram,2003,0.598,8.395,Medium
Mizoram,2004,0.611,8.526,Medium
Mizoram,2005,0.624,8.659,Medium
Mizoram,2006,0.637,8.794,Medium
Mizoram,2007,0.648,8.942,Medium
Mizoram,2008,0.657,9.038,Medium
Mizoram,2009,0.664,9.185,Medium
Mizoram,2010,0.676,9.335,Medium
Mizoram,2011,0.693,9.459,Medium
Mizoram,2012,0.703,9.579,High
Mizoram,2013,0.697,9.478,Medium
Mizoram,2014,0.694,9.389,Medium
Mizoram,2015,0.689,9.307,Medium
Mizoram,2016,0.687,9.217,Medium
Mizoram,2017,0.696,9.249,Medium
Mizoram,2018,0.698,9.269,Medium
Mizoram,2019,0.703,9.265,High
Mizoram,2020,0.703,9.188,High
Mizoram,2021,0.697,9.263,Medium
Mizoram,2022,0.709,9.327,High
Nagaland,1990,0.539,7.717,Low
Nagaland,1991,0.542,7.704,Low
Nagaland,1992,0.548,7.738,Low
Nagaland,1993,0.541,7.712,Low
Nagaland,1994,0.535,7.705,Low
Nagaland,1995,0.53,7.706,Low
Nagaland,1996,0.526,7.707,Low
Nagaland,1997,0.521,7.674,Low
Nagaland,1998,0.516,7.661,Low
Nagaland,1999,0.513,7.672,Low
Nagaland,2000,0.516,7.719,Low
Nagaland,2001,0.519,7.78,Low
Nagaland,2002,0.524,7.831,Low
Nagaland,2003,0.536,7.918,Low
Nagaland,2004,0.543,8.008,Low
Nagaland,2005,0.55,8.098,Medium
Nagaland,2006,0.558,8.191,Medium
Nagaland,2007,0.583,8.396,Medium
Nagaland,2008,0.605,8.551,Medium
Nagaland,2009,0.626,8.756,Medium
Nagaland,2010,0.651,8.963,Medium
Nagaland,2011,0.68,9.145,Medium
Nagaland,2012,0.703,9.325,High
Nagaland,2013,0.69,9.169,Medium
Nagaland,2014,0.682,9.025,Medium
Nagaland,2015,0.671,8.887,Medium
Nagaland,2016,0.662,8.742,Medium
Nagaland,2017,0.669,8.787,Medium
Nagaland,2018,0.669,8.82,Medium
Nagaland,2019,0.672,8.829,Medium
Nagaland,2020,0.672,8.755,Medium
Nagaland,2021,0.667,8.827,Medium
Nagaland,2022,0.679,8.888,Medium
New Delhi,1990,0.581,8.758,Medium
New Delhi,1991,0.585,8.743,Medium
New Delhi,1992,0.592,8.782,Medium
New Delhi,1993,0.598,8.838,Medium
New Delhi,1994,0.606,8.916,Medium
New Delhi,1995,0.614,9.005,Medium
New Delhi,1996,0.624,9.095,Medium
New Delhi,1997,0.633,9.145,Medium
New Delhi,1998,0.642,9.22,Medium
New Delhi,1999,0.653,9.325,Medium
New Delhi,2000,0.656,9.287,Medium
New Delhi,2001,0.658,9.267,Medium
New Delhi,2002,0.661,9.235,Medium
New Delhi,2003,0.671,9.245,Medium
New Delhi,2004,0.677,9.256,Medium
New Delhi,2005,0.683,9.268,Medium
New Delhi,2006,0.689,9.281,Medium
New Delhi,2007,0.694,9.306,Medium
New Delhi,2008,0.695,9.276,Medium
New Delhi,2009,0.695,9.3,Medium
New Delhi,2010,0.699,9.325,Medium
New Delhi,2011,0.708,9.323,High
New Delhi,2012,0.711,9.318,High
New Delhi,2013,0.713,9.338,High
New Delhi,2014,0.719,9.37,High
New Delhi,2015,0.722,9.409,High
New Delhi,2016,0.727,9.439,High
New Delhi,2017,0.732,9.461,High
New Delhi,2018,0.729,9.47,High
New Delhi,2019,0.728,9.454,High
New Delhi,2020,0.728,9.375,High
New Delhi,2021,0.722,9.452,High
New Delhi,2022,0.734,9.518,High
Orissa,1990,0.403,7.123,Low
Orissa,1991,0.405,7.111,Low
Orissa,1992,0.409,7.142,Low
Orissa,1993,0.413,7.16,Low
Orissa,1994,0.418,7.196,Low
Orissa,1995,0.423,7.241,Low
Orissa,1996,0.43,7.286,Low
Orissa,1997,0.434,7.298,Low
Orissa,1998,0.44,7.33,Low
Orissa,1999,0.447,7.386,Low
Orissa,2000,0.451,7.403,Low
Orissa,2001,0.455,7.434,Low
Orissa,2002,0.46,7.456,Low
Orissa,2003,0.472,7.512,Low
Orissa,2004,0.479,7.57,Low
Orissa,2005,0.487,7.628,Low
Orissa,2006,0.495,7.687,Low
Orissa,2007,0.504,7.752,Low
Orissa,2008,0.511,7.771,Low
Orissa,2009,0.517,7.834,Low
Orissa,2010,0.527,7.899,Low
Orissa,2011,0.54,7.942,Low
Orissa,2012,0.548,7.982,Low
Orissa,2013,0.556,8.026,Medium
Orissa,2014,0.568,8.082,Medium
Orissa,2015,0.578,8.142,Medium
Orissa,2016,0.59,8.196,Medium
Orissa,2017,0.598,8.308,Medium
Orissa,2018,0.599,8.409,Medium
Orissa,2019,0.603,8.487,Medium
Orissa,2020,0.603,8.416,Medium
Orissa,2021,0.598,8.485,Medium
Orissa,2022,0.61,8.544,Medium
Puducherry,1990,0.711,8.685,High
Puducherry,1991,0.716,8.671,High
Puducherry,1992,0.723,8.709,High
Puducherry,1993,0.725,8.735,High
Puducherry,1994,0.722,8.782,High
Puducherry,1995,0.719,8.841,High
Puducherry,1996,0.718,8.899,High
Puducherry,1997,0.716,8.919,High
Puducherry,1998,0.715,8.961,High
Puducherry,1999,0.717,9.034,High
Puducherry,2000,0.719,9.028,High
Puducherry,2001,0.72,9.039,High
Puducherry,2002,0.723,9.039,High
Puducherry,2003,0.735,9.08,High
Puducherry,2004,0.741,9.124,High
Puducherry,2005,0.748,9.167,High
Puducherry,2006,0.754,9.212,High
Puducherry,2007,0.749,9.241,High
Puducherry,2008,0.743,9.216,High
Puducherry,2009,0.735,9.243,High
Puducherry,2010,0.732,9.272,High
Puducherry,2011,0.735,9.275,High
Puducherry,2012,0.732,9.274,High
Puducherry,2013,0.727,9.251,High
Puducherry,2014,0.726,9.24,High
Puducherry,2015,0.722,9.235,High
Puducherry,2016,0.721,9.223,High
Puducherry,2017,0.729,9.296,High
Puducherry,2018,0.731,9.357,High
Puducherry,2019,0.735,9.393,High
Puducherry,2020,0.735,9.314,High
Puducherry,2021,0.729,9.391,High
Puducherry,2022,0.741,9.456,High
Punjab,1990,0.502,7.991,Low
Punjab,1991,0.505,7.978,Low
Punjab,1992,0.51,8.013,Low
Punjab,1993,0.517,8.074,Low
Punjab,1994,0.524,8.156,Low
Punjab,1995,0.532,8.248,Low
Punjab,1996,0.541,8.34,Low
Punjab,1997,0.549,8.397,Low
Punjab,1998,0.558,8.476,Medium
Punjab,1999,0.568,8.583,Medium
Punjab,2000,0.572,8.601,Medium
Punjab,2001,0.575,8.635,Medium
Punjab,2002,0.58,8.658,Medium
Punjab,2003,0.593,8.72,Medium
Punjab,2004,0.6,8.786,Medium
Punjab,2005,0.608,8.851,Medium
Punjab,2006,0.616,8.918,Medium
Punjab,2007,0.626,8.973,Medium
Punjab,2008,0.633,8.974,Medium
Punjab,2009,0.638,9.027,Medium
Punjab,2010,0.648,9.082,Medium
Punjab,2011,0.662,9.11,Medium
Punjab,2012,0.67,9.136,Medium
Punjab,2013,0.677,9.203,Medium
Punjab,2014,0.687,9.281,Medium
Punjab,2015,0.695,9.366,Medium
Punjab,2016,0.706,9.444,High
Punjab,2017,0.705,9.455,High
Punjab,2018,0.696,9.453,Medium
Punjab,2019,0.691,9.426,Medium
Punjab,2020,0.692,9.347,Medium
Punjab,2021,0.685,9.424,Medium
Punjab,2022,0.698,9.489,Medium
Rajasthan,1990,0.406,7.416,Low
Rajasthan,1991,0.408,7.403,Low
Rajasthan,1992,0.413,7.436,Low
Rajasthan,1993,0.418,7.479,Low
Rajasthan,1994,0.424,7.542,Low
Rajasthan,1995,0.431,7.613,Low
Rajasthan,1996,0.438,7.685,Low
Rajasthan,1997,0.443,7.724,Low
Rajasthan,1998,0.449,7.783,Low
Rajasthan,1999,0.457,7.868,Low
Rajasthan,2000,0.462,7.873,Low
Rajasthan,2001,0.466,7.893,Low
Rajasthan,2002,0.472,7.902,Low
Rajasthan,2003,0.485,7.949,Low
Rajasthan,2004,0.494,7.997,Low
Rajasthan,2005,0.503,8.045,Low
Rajasthan,2006,0.512,8.095,Low
Rajasthan,2007,0.52,8.157,Low
Rajasthan,2008,0.526,8.172,Low
Rajasthan,2009,0.53,8.233,Low
Rajasthan,2010,0.539,8.296,Low
Rajasthan,2011,0.552,8.335,Medium
Rajasthan,2012,0.559,8.372,Medium
Rajasthan,2013,0.57,8.443,Medium
Rajasthan,2014,0.585,8.526,Medium
Rajasthan,2015,0.598,8.614,Medium
Rajasthan,2016,0.614,8.695,Medium
Rajasthan,2017,0.628,8.802,Medium
Rajasthan,2018,0.635,8.896,Medium
Rajasthan,2019,0.645,8.968,Medium
Rajasthan,2020,0.645,8.893,Medium
Rajasthan,2021,0.64,8.966,Medium
Rajasthan,2022,0.652,9.027,Medium
Sikkim,1990,0.546,8.051,Low
Sikkim,1991,0.549,8.037,Low
Sikkim,1992,0.555,8.073,Medium
Sikkim,1993,0.549,8.097,Low
Sikkim,1994,0.545,8.141,Low
Sikkim,1995,0.542,8.195,Low
Sikkim,1996,0.541,8.249,Low
Sikkim,1997,0.538,8.267,Low
Sikkim,1998,0.536,8.307,Low
Sikkim,1999,0.536,8.374,Low
Sikkim,2000,0.542,8.372,Low
Sikkim,2001,0.546,8.385,Low
Sikkim,2002,0.553,8.388,Medium
Sikkim,2003,0.567,8.429,Medium
Sikkim,2004,0.576,8.472,Medium
Sikkim,2005,0.585,8.516,Medium
Sikkim,2006,0.594,8.561,Medium
Sikkim,2007,0.603,8.58,Medium
Sikkim,2008,0.61,8.548,Medium
Sikkim,2009,0.615,8.566,Medium
Sikkim,2010,0.625,8.584,Medium
Sikkim,2011,0.638,8.578,Medium
Sikkim,2012,0.645,8.57,Medium
Sikkim,2013,0.656,8.722,Medium
Sikkim,2014,0.672,8.887,Medium
Sikkim,2015,0.684,9.057,Medium
Sikkim,2016,0.7,9.22,High
Sikkim,2017,0.706,9.203,High
Sikkim,2018,0.704,9.175,High
Sikkim,2019,0.705,9.123,High
Sikkim,2020,0.705,9.046,High
Sikkim,2021,0.699,9.121,Medium
Sikkim,2022,0.712,9.183,High
Tamil Nadu,1990,0.476,7.553,Low
Tamil Nadu,1991,0.478,7.54,Low
Tamil Nadu,1992,0.484,7.573,Low
Tamil Nadu,1993,0.488,7.608,Low
Tamil Nadu,1994,0.494,7.662,Low
Tamil Nadu,1995,0.5,7.725,Low
Tamil Nadu,1996,0.507,7.789,Low
Tamil Nadu,1997,0.513,7.819,Low
Tamil Nadu,1998,0.519,7.868,Low
Tamil Nadu,1999,0.528,7.945,Low
Tamil Nadu,2000,0.536,7.965,Low
Tamil Nadu,2001,0.543,8.001,Low
Tamil Nadu,2002,0.552,8.026,Medium
Tamil Nadu,2003,0.569,8.088,Medium
Tamil Nadu,2004,0.581,8.153,Medium
Tamil Nadu,2005,0.593,8.217,Medium
Tamil Nadu,2006,0.606,8.284,Medium
Tamil Nadu,2007,0.615,8.397,Medium
Tamil Nadu,2008,0.622,8.46,Medium
Tamil Nadu,2009,0.628,8.572,Medium
Tamil Nadu,2010,0.638,8.686,Medium
Tamil Nadu,2011,0.653,8.775,Medium
Tamil Nadu,2012,0.662,8.862,Medium
Tamil Nadu,2013,0.667,8.876,Medium
Tamil Nadu,2014,0.676,8.903,Medium
Tamil Nadu,2015,0.682,8.935,Medium
Tamil Nadu,2016,0.691,8.96,Medium
Tamil Nadu,2017,0.693,9.003,Medium
Tamil Nadu,2018,0.687,9.034,Medium
Tamil Nadu,2019,0.685,9.041,Medium
Tamil Nadu,2020,0.685,8.966,Medium
Tamil Nadu,2021,0.679,9.039,Medium
Tamil Nadu,2022,0.692,9.102,Medium
Telangana,1990,0.624,8.341,Medium
Telangana,1991,0.628,8.327,Medium
Telangana,1992,0.634,8.363,Medium
Telangana,1993,0.628,8.388,Medium
Telangana,1994,0.624,8.434,Medium
Telangana,1995,0.621,8.49,Medium
Telangana,1996,0.619,8.546,Medium
Telangana,1997,0.617,8.565,Medium
Telangana,1998,0.615,8.606,Medium
Telangana,1999,0.615,8.675,Medium
Telangana,2000,0.617,8.67,Medium
Telangana,2001,0.618,8.681,Medium
Telangana,2002,0.621,8.68,Medium
Telangana,2003,0.632,8.72,Medium
Telangana,2004,0.637,8.762,Medium
Telangana,2005,0.643,8.803,Medium
Telangana,2006,0.649,8.847,Medium
Telangana,2007,0.644,8.875,Medium
Telangana,2008,0.638,8.85,Medium
Telangana,2009,0.63,8.877,Medium
Telangana,2010,0.628,8.904,Medium
Telangana,2011,0.63,8.907,Medium
Telangana,2012,0.627,8.906,Medium
Telangana,2013,0.63,8.896,Medium
Telangana,2014,0.638,8.897,Medium
Telangana,2015,0.644,8.905,Medium
Telangana,2016,0.653,8.905,Medium
Telangana,2017,0.657,8.958,Medium
Telangana,2018,0.653,8.999,Medium
Telangana,2019,0.653,9.017,Medium
Telangana,2020,0.653,8.941,Medium
Telangana,2021,0.647,9.015,Medium
Telangana,2022,0.66,9.077,Medium
Tripura,1990,0.45,7.306,Low
Tripura,1991,0.452,7.294,Low
Tripura,1992,0.458,7.326,Low
Tripura,1993,0.465,7.36,Low
Tripura,1994,0.474,7.411,Low
Tripura,1995,0.483,7.472,Low
Tripura,1996,0.493,7.533,Low
Tripura,1997,0.501,7.561,Low
Tripura,1998,0.511,7.609,Low
Tripura,1999,0.521,7.682,Low
Tripura,2000,0.524,7.701,Low
Tripura,2001,0.526,7.734,Low
Tripura,2002,0.53,7.758,Low
Tripura,2003,0.541,7.817,Low
Tripura,2004,0.548,7.879,Low
Tripura,2005,0.555,7.94,Medium
Tripura,2006,0.561,8.004,Medium
Tripura,2007,0.572,8.068,Medium
Tripura,2008,0.581,8.084,Medium
Tripura,2009,0.588,8.147,Medium
Tripura,2010,0.599,8.211,Medium
Tripura,2011,0.615,8.252,Medium
Tripura,2012,0.625,8.29,Medium
Tripura,2013,0.627,8.301,Medium
Tripura,2014,0.633,8.324,Medium
Tripura,2015,0.636,8.351,Medium
Tripura,2016,0.642,8.372,Medium
Tripura,2017,0.637,8.424,Medium
Tripura,2018,0.626,8.463,Medium
Tripura,2019,0.617,8.481,Medium
Tripura,2020,0.617,8.41,Medium
Tripura,2021,0.612,8.479,Medium
Tripura,2022,0.624,8.538,Medium
Uttar Pradesh,1990,0.398,7.339,Low
Uttar Pradesh,1991,0.401,7.327,Low
Uttar Pradesh,1992,0.405,7.359,Low
Uttar Pradesh,1993,0.411,7.374,Low
Uttar Pradesh,1994,0.417,7.407,Low
Uttar Pradesh,1995,0.423,7.45,Low
Uttar Pradesh,1996,0.43,7.492,Low
Uttar Pradesh,1997,0.436,7.501,Low
Uttar Pradesh,1998,0.442,7.53,Low
Uttar Pradesh,1999,0.45,7.584,Low
Uttar Pradesh,2000,0.455,7.6,Low
Uttar Pradesh,2001,0.46,7.63,Low
Uttar Pradesh,2002,0.466,7.651,Low
Uttar Pradesh,2003,0.479,7.707,Low
Uttar Pradesh,2004,0.487,7.766,Low
Uttar Pradesh,2005,0.496,7.824,Low
Uttar Pradesh,2006,0.505,7.884,Low
Uttar Pradesh,2007,0.512,7.913,Low
Uttar Pradesh,2008,0.516,7.896,Low
Uttar Pradesh,2009,0.519,7.924,Low
Uttar Pradesh,2010,0.526,7.953,Low
Uttar Pradesh,2011,0.536,7.959,Low
Uttar Pradesh,2012,0.541,7.963,Low
Uttar Pradesh,2013,0.548,8.033,Low
Uttar Pradesh,2014,0.56,8.115,Medium
Uttar Pradesh,2015,0.568,8.202,Medium
Uttar Pradesh,2016,0.579,8.282,Medium
Uttar Pradesh,2017,0.591,8.374,Medium
Uttar Pradesh,2018,0.596,8.455,Medium
Uttar Pradesh,2019,0.604,8.514,Medium
Uttar Pradesh,2020,0.603,8.443,Medium
Uttar Pradesh,2021,0.598,8.512,Medium
Uttar Pradesh,2022,0.609,8.571,Medium
Uttaranchal,1990,0.627,8.036,Medium
Uttaranchal,1991,0.63,8.023,Medium
Uttaranchal,1992,0.636,8.058,Medium
Uttaranchal,1993,0.634,8.082,Medium
Uttaranchal,1994,0.629,8.126,Medium
Uttaranchal,1995,0.626,8.18,Medium
Uttaranchal,1996,0.624,8.234,Medium
Uttaranchal,1997,0.621,8.252,Medium
Uttaranchal,1998,0.619,8.291,Medium
Uttaranchal,1999,0.619,8.359,Medium
Uttaranchal,2000,0.62,8.353,Medium
Uttaranchal,2001,0.62,8.364,Medium
Uttaranchal,2002,0.623,8.363,Medium
Uttaranchal,2003,0.635,8.401,Medium
Uttaranchal,2004,0.641,8.442,Medium
Uttaranchal,2005,0.647,8.482,Medium
Uttaranchal,2006,0.653,8.524,Medium
Uttaranchal,2007,0.648,8.55,Medium
Uttaranchal,2008,0.641,8.527,Medium
Uttaranchal,2009,0.633,8.552,Medium
Uttaranchal,2010,0.631,8.579,Medium
Uttaranchal,2011,0.632,8.581,Medium
Uttaranchal,2012,0.629,8.581,Medium
Uttaranchal,2013,0.636,8.657,Medium
Uttaranchal,2014,0.647,8.745,Medium
Uttaranchal,2015,0.655,8.839,Medium
Uttaranchal,2016,0.666,8.926,Medium
Uttaranchal,2017,0.673,8.996,Medium
Uttaranchal,2018,0.672,9.054,Medium
Uttaranchal,2019,0.675,9.087,Medium
Uttaranchal,2020,0.675,9.011,Medium
Uttaranchal,2021,0.669,9.086,Medium
Uttaranchal,2022,0.681,9.148,Medium
West Bengal,1990,0.443,7.448,Low
West Bengal,1991,0.446,7.436,Low
West Bengal,1992,0.452,7.468,Low
West Bengal,1993,0.456,7.487,Low
West Bengal,1994,0.462,7.525,Low
West Bengal,1995,0.468,7.572,Low
West Bengal,1996,0.475,7.618,Low
West Bengal,1997,0.481,7.631,Low
West Bengal,1998,0.487,7.664,Low
West Bengal,1999,0.495,7.723,Low
West Bengal,2000,0.499,7.729,Low
West Bengal,2001,0.502,7.75,Low
West Bengal,2002,0.506,7.761,Low
West Bengal,2003,0.518,7.808,Low
West Bengal,2004,0.525,7.856,Low
West Bengal,2005,0.532,7.905,Low
West Bengal,2006,0.54,7.955,Low
West Bengal,2007,0.547,8.002,Low
West Bengal,2008,0.552,8.002,Medium
West Bengal,2009,0.556,8.048,Medium
West Bengal,2010,0.564,8.095,Medium
West Bengal,2011,0.575,8.119,Medium
West Bengal,2012,0.582,8.141,Medium
West Bengal,2013,0.59,8.205,Medium
West Bengal,2014,0.603,8.28,Medium
West Bengal,2015,0.613,8.361,Medium
West Bengal,2016,0.625,8.436,Medium
West Bengal,2017,0.63,8.493,Medium
West Bengal,2018,0.627,8.539,Medium
West Bengal,2019,0.628,8.562,Medium
West Bengal,2020,0.628,8.49,Medium
West Bengal,2021,0.623,8.56,Medium
West Bengal,2022,0.635,8.619,Medium
