State,Year,SHDI,LGNIC
Andaman and Nicobar Islands,1990,0.686,8.656
Andaman and Nicobar Islands,1991,0.69,8.641
Andaman and Nicobar Islands,1992,0.697,8.679
Andaman and Nicobar Islands,1993,0.691,8.705
Andaman and Nicobar Islands,1994,0.688,8.753
Andaman and Nicobar Islands,1995,0.685,8.811
Andaman and Nicobar Islands,1996,0.684,8.869
Andaman and Nicobar Islands,1997,0.682,8.888
Andaman and Nicobar Islands,1998,0.681,8.931
Andaman and Nicobar Islands,1999,0.682,9.003
Andaman and Nicobar Islands,2000,0.684,8.997
Andaman and Nicobar Islands,2001,0.685,9.008
Andaman and Nicobar Islands,2002,0.688,9.008
Andaman and Nicobar Islands,2003,0.699,9.049
Andaman and Nicobar Islands,2004,0.705,9.093
Andaman and Nicobar Islands,2005,0.712,9.136
Andaman and Nicobar Islands,2006,0.718,9.181
Andaman and Nicobar Islands,2007,0.713,9.21
Andaman and Nicobar Islands,2008,0.707,9.184
Andaman and Nicobar Islands,2009,0.699,9.212
Andaman and Nicobar Islands,2010,0.697,9.241
Andaman and Nicobar Islands,2011,0.7,9.243
Andaman and Nicobar Islands,2012,0.696,9.243
Andaman and Nicobar Islands,2013,0.7,9.232
Andaman and Nicobar Islands,2014,0.708,9.233
Andaman and Nicobar Islands,2015,0.714,9.241
Andaman and Nicobar Islands,2016,0.723,9.241
Andaman and Nicobar Islands,2017,0.718,9.268
Andaman and Nicobar Islands,2018,0.707,9.282
Andaman and Nicobar Islands,2019,0.699,9.272
Andaman and Nicobar Islands,2020,0.699,9.195
Andaman and Nicobar Islands,2021,0.693,9.27
Andaman and Nicobar Islands,2022,0.706,9.334
Andhra Pradesh,1990,0.428,7.419
Andhra Pradesh,1991,0.43,7.406
Andhra Pradesh,1992,0.435,7.439
Andhra Pradesh,1993,0.438,7.467
Andhra Pradesh,1994,0.441,7.514
Andhra Pradesh,1995,0.446,7.57
Andhra Pradesh,1996,0.45,7.626
Andhra Pradesh,1997,0.454,7.649
Andhra Pradesh,1998,0.459,7.692
Andhra Pradesh,1999,0.464,7.761
Andhra Pradesh,2000,0.472,7.795
Andhra Pradesh,2001,0.478,7.843
Andhra Pradesh,2002,0.487,7.882
Andhra Pradesh,2003,0.502,7.957
Andhra Pradesh,2004,0.513,8.034
Andhra Pradesh,2005,0.524,8.111
Andhra Pradesh,2006,0.535,8.191
Andhra Pradesh,2007,0.546,8.274
Andhra Pradesh,2008,0.554,8.308
Andhra Pradesh,2009,0.56,8.39
Andhra Pradesh,2010,0.571,8.474
Andhra Pradesh,2011,0.586,8.533
Andhra Pradesh,2012,0.595,8.59
Andhra Pradesh,2013,0.602,8.638
Andhra Pradesh,2014,0.614,8.697
Andhra Pradesh,2015,0.623,8.761
Andhra Pradesh,2016,0.635,8.819
Andhra Pradesh,2017,0.638,8.884
Andhra Pradesh,2018,0.635,8.937
Andhra Pradesh,2019,0.635,8.967
Andhra Pradesh,2020,0.635,8.892
Andhra Pradesh,2021,0.63,8.965
Andhra Pradesh,2022,0.642,9.027
Arunachal Pradesh,1990,0.442,7.489
Arunachal Pradesh,1991,0.445,7.476
Arunachal Pradesh,1992,0.449,7.509
Arunachal Pradesh,1993,0.455,7.528
Arunachal Pradesh,1994,0.461,7.565
Arunachal Pradesh,1995,0.467,7.611
Arunachal Pradesh,1996,0.474,7.658
Arunachal Pradesh,1997,0.479,7.671
Arunachal Pradesh,1998,0.485,7.703
Arunachal Pradesh,1999,0.493,7.762
Arunachal Pradesh,2000,0.496,7.817
Arunachal Pradesh,2001,0.499,7.886
Arunachal Pradesh,2002,0.503,7.946
Arunachal Pradesh,2003,0.514,8.042
Arunachal Pradesh,2004,0.521,8.141
Arunachal Pradesh,2005,0.528,8.24
Arunachal Pradesh,2006,0.535,8.342
Arunachal Pradesh,2007,0.562,8.448
Arunachal Pradesh,2008,0.586,8.505
Arunachal Pradesh,2009,0.606,8.61
Arunachal Pradesh,2010,0.632,8.717
Arunachal Pradesh,2011,0.66,8.8
Arunachal Pradesh,2012,0.682,8.88
Arunachal Pradesh,2013,0.672,8.841
Arunachal Pradesh,2014,0.666,8.813
Arunachal Pradesh,2015,0.655,8.792
Arunachal Pradesh,2016,0.645,8.763
Arunachal Pradesh,2017,0.659,8.859
Arunachal Pradesh,2018,0.666,8.943
Arunachal Pradesh,2019,0.675,9.004
Arunachal Pradesh,2020,0.675,8.929
Arunachal Pradesh,2021,0.67,9.002
Arunachal Pradesh,2022,0.683,9.064
Assam,1990,0.413,7.174
Assam,1991,0.415,7.163
Assam,1992,0.42,7.194
Assam,1993,0.426,7.212
Assam,1994,0.434,7.248
Assam,1995,0.442,7.292
Assam,1996,0.45,7.337
Assam,1997,0.458,7.349
Assam,1998,0.466,7.38
Assam,1999,0.476,7.437
Assam,2000,0.481,7.462
Assam,2001,0.486,7.502
Assam,2002,0.493,7.532
Assam,2003,0.506,7.597
Assam,2004,0.515,7.664
Assam,2005,0.524,7.731
Assam,2006,0.533,7.8
Assam,2007,0.54,7.874
Assam,2008,0.545,7.901
Assam,2009,0.549,7.975
Assam,2010,0.557,8.049
Assam,2011,0.569,8.101
Assam,2012,0.576,8.15
Assam,2013,0.579,8.154
Assam,2014,0.586,8.17
Assam,2015,0.59,8.19
Assam,2016,0.598,8.205
Assam,2017,0.605,8.262
Assam,2018,0.605,8.307
Assam,2019,0.609,8.331
Assam,2020,0.608,8.262
Assam,2021,0.603,8.33
Assam,2022,0.615,8.387
Bihar,1990,0.38,7.154
Bihar,1991,0.382,7.143
Bihar,1992,0.387,7.174
Bihar,1993,0.391,7.183
Bihar,1994,0.396,7.21
Bihar,1995,0.402,7.245
Bihar,1996,0.408,7.28
Bihar,1997,0.413,7.283
Bihar,1998,0.418,7.305
Bihar,1999,0.425,7.352
Bihar,2000,0.429,7.364
Bihar,2001,0.432,7.39
Bihar,2002,0.437,7.406
Bihar,2003,0.448,7.457
Bihar,2004,0.455,7.509
Bihar,2005,0.463,7.562
Bihar,2006,0.47,7.617
Bihar,2007,0.481,7.654
Bihar,2008,0.489,7.647
Bihar,2009,0.495,7.683
Bihar,2010,0.506,7.72
Bihar,2011,0.519,7.736
Bihar,2012,0.527,7.749
Bihar,2013,0.533,7.786
Bihar,2014,0.543,7.833
Bihar,2015,0.551,7.885
Bihar,2016,0.561,7.931
Bihar,2017,0.567,8.035
Bihar,2018,0.567,8.127
Bihar,2019,0.571,8.198
Bihar,2020,0.57,8.13
Bihar,2021,0.566,8.197
Bihar,2022,0.577,8.253
Chandigarth,1990,0.636,8.328
Chandigarth,1991,0.639,8.314
Chandigarth,1992,0.646,8.35
Chandigarth,1993,0.64,8.375
Chandigarth,1994,0.635,8.421
Chandigarth,1995,0.632,8.477
Chandigarth,1996,0.631,8.533
Chandigarth,1997,0.628,8.551
Chandigarth,1998,0.626,8.592
Chandigarth,1999,0.627,8.662
Chandigarth,2000,0.628,8.656
Chandigarth,2001,0.629,8.667
Chandigarth,2002,0.632,8.667
Chandigarth,2003,0.643,8.706
Chandigarth,2004,0.649,8.748
Chandigarth,2005,0.655,8.79
Chandigarth,2006,0.661,8.833
Chandigarth,2007,0.656,8.861
Chandigarth,2008,0.65,8.836
Chandigarth,2009,0.642,8.863
Chandigarth,2010,0.639,8.89
Chandigarth,2011,0.641,8.893
Chandigarth,2012,0.638,8.892
Chandigarth,2013,0.666,9.064
Chandigarth,2014,0.697,9.248
Chandigarth,2015,0.725,9.437
Chandigarth,2016,0.755,9.62
Chandigarth,2017,0.756,9.62
Chandigarth,2018,0.749,9.607
Chandigarth,2019,0.745,9.569
Chandigarth,2020,0.745,9.489
Chandigarth,2021,0.738,9.567
Chandigarth,2022,0.751,9.633
Chhattisgarh,1990,0.563,7.597
Chhattisgarh,1991,0.566,7.585
Chhattisgarh,1992,0.571,7.618
Chhattisgarh,1993,0.566,7.641
Chhattisgarh,1994,0.562,7.682
Chhattisgarh,1995,0.559,7.734
Chhattisgarh,1996,0.557,7.784
Chhattisgarh,1997,0.554,7.802
Chhattisgarh,1998,0.552,7.839
Chhattisgarh,1999,0.552,7.902
Chhattisgarh,2000,0.553,7.897
Chhattisgarh,2001,0.554,7.907
Chhattisgarh,2002,0.557,7.907
Chhattisgarh,2003,0.567,7.943
Chhattisgarh,2004,0.573,7.981
Chhattisgarh,2005,0.578,8.019
Chhattisgarh,2006,0.584,8.058
Chhattisgarh,2007,0.58,8.084
Chhattisgarh,2008,0.573,8.061
Chhattisgarh,2009,0.566,8.086
Chhattisgarh,2010,0.563,8.111
Chhattisgarh,2011,0.565,8.113
Chhattisgarh,2012,0.562,8.113
Chhattisgarh,2013,0.568,8.168
Chhattisgarh,2014,0.578,8.235
Chhattisgarh,2015,0.586,8.307
Chhattisgarh,2016,0.597,8.373
Chhattisgarh,2017,0.607,8.474
Chhattisgarh,2018,0.611,8.563
Chhattisgarh,2019,0.618,8.63
Chhattisgarh,2020,0.618,8.558
Chhattisgarh,2021,0.613,8.628
Chhattisgarh,2022,0.625,8.688
Dadra and Nagar Haveli,1990,0.672,8.284
Dadra and Nagar Haveli,1991,0.676,8.27
Dadra and Nagar Haveli,1992,0.682,8.306
Dadra and Nagar Haveli,1993,0.68,8.331
Dadra and Nagar Haveli,1994,0.676,8.377
Dadra and Nagar Haveli,1995,0.673,8.432
Dadra and Nagar Haveli,1996,0.672,8.488
Dadra and Nagar Haveli,1997,0.67,8.506
Dadra and Nagar Haveli,1998,0.669,8.547
Dadra and Nagar Haveli,1999,0.67,8.616
Dadra and Nagar Haveli,2000,0.672,8.611
Dadra and Nagar Haveli,2001,0.673,8.621
Dadra and Nagar Haveli,2002,0.676,8.621
Dadra and Nagar Haveli,2003,0.687,8.661
Dadra and Nagar Haveli,2004,0.693,8.702
Dadra and Nagar Haveli,2005,0.699,8.743
Dadra and Nagar Haveli,2006,0.706,8.786
Dadra and Nagar Haveli,2007,0.701,8.814
Dadra and Nagar Haveli,2008,0.695,8.79
Dadra and Nagar Haveli,2009,0.687,8.816
Dadra and Nagar Haveli,2010,0.685,8.844
Dadra and Nagar Haveli,2011,0.687,8.846
Dadra and Nagar Haveli,2012,0.684,8.846
Dadra and Nagar Haveli,2013,0.673,8.791
Dadra and Nagar Haveli,2014,0.665,8.748
Dadra and Nagar Haveli,2015,0.655,8.711
Dadra and Nagar Haveli,2016,0.647,8.667
Dadra and Nagar Haveli,2017,0.64,8.68
Dadra and Nagar Haveli,2018,0.628,8.681
Dadra and Nagar Haveli,2019,0.618,8.66
Dadra and Nagar Haveli,2020,0.618,8.588
Dadra and Nagar Haveli,2021,0.613,8.658
Dadra and Nagar Haveli,2022,0.624,8.718
Daman and Diu,1990,0.651,8.594
Daman and Diu,1991,0.656,8.58
Daman and Diu,1992,0.663,8.617
Daman and Diu,1993,0.658,8.643
Daman and Diu,1994,0.654,8.69
Daman and Diu,1995,0.652,8.748
Daman and Diu,1996,0.651,8.805
Daman and Diu,1997,0.65,8.825
Daman and Diu,1998,0.65,8.867
Daman and Diu,1999,0.651,8.939
Daman and Diu,2000,0.654,8.933
Daman and Diu,2001,0.654,8.944
Daman and Diu,2002,0.657,8.944
Daman and Diu,2003,0.668,8.985
Daman and Diu,2004,0.673,9.028
Daman and Diu,2005,0.679,9.071
Daman and Diu,2006,0.685,9.115
Daman and Diu,2007,0.681,9.144
Daman and Diu,2008,0.675,9.119
Daman and Diu,2009,0.668,9.146
Daman and Diu,2010,0.666,9.174
Daman and Diu,2011,0.669,9.177
Daman and Diu,2012,0.666,9.177
Daman and Diu,2013,0.669,9.166
Daman and Diu,2014,0.677,9.167
Daman and Diu,2015,0.682,9.175
Daman and Diu,2016,0.69,9.175
Daman and Diu,2017,0.686,9.154
Daman and Diu,2018,0.676,9.121
Daman and Diu,2019,0.668,9.065
Daman and Diu,2020,0.668,8.989
Daman and Diu,2021,0.662,9.063
Daman and Diu,2022,0.674,9.125
Goa,1990,0.558,8.034
Goa,1991,0.561,8.021
Goa,1992,0.567,8.056
Goa,1993,0.57,8.105
Goa,1994,0.573,8.174
Goa,1995,0.577,8.253
Goa,1996,0.583,8.332
Goa,1997,0.587,8.375
Goa,1998,0.592,8.44
Goa,1999,0.599,8.534
Goa,2000,0.608,8.582
Goa,2001,0.615,8.646
Goa,2002,0.624,8.699
Goa,2003,0.641,8.792
Goa,2004,0.653,8.888
Goa,2005,0.665,8.984
Goa,2006,0.678,9.082
Goa,2007,0.692,9.187
Goa,2008,0.704,9.237
Goa,2009,0.713,9.341
Goa,2010,0.728,9.446
Goa,2011,0.747,9.525
Goa,2012,0.759,9.601
Goa,2013,0.753,9.565
Goa,2014,0.751,9.543
Goa,2015,0.746,9.527
Goa,2016,0.743,9.504
Goa,2017,0.751,9.546
Goa,2018,0.751,9.575
Goa,2019,0.753,9.579
Goa,2020,0.754,9.499
Goa,2021,0.747,9.577
Goa,2022,0.76,9.643
Gujarat,1990,0.474,7.85
Gujarat,1991,0.477,7.837
Gujarat,1992,0.483,7.871
Gujarat,1993,0.485,7.902
Gujarat,1994,0.488,7.953
Gujarat,1995,0.492,8.013
Gujarat,1996,0.498,8.073
Gujarat,1997,0.502,8.099
Gujarat,1998,0.507,8.145
Gujarat,1999,0.514,8.219
Gujarat,2000,0.52,8.243
Gujarat,2001,0.526,8.283
Gujarat,2002,0.533,8.312
Gujarat,2003,0.547,8.38
Gujarat,2004,0.556,8.45
Gujarat,2005,0.566,8.52
Gujarat,2006,0.577,8.592
Gujarat,2007,0.583,8.642
Gujarat,2008,0.587,8.642
Gujarat,2009,0.589,8.691
Gujarat,2010,0.597,8.741
Gujarat,2011,0.608,8.767
Gujarat,2012,0.614,8.79
Gujarat,2013,0.622,8.845
Gujarat,2014,0.634,8.913
Gujarat,2015,0.643,8.986
Gujarat,2016,0.656,9.052
Gujarat,2017,0.654,9.061
Gujarat,2018,0.645,9.058
Gujarat,2019,0.64,9.031
Gujarat,2020,0.64,8.956
Gujarat,2021,0.635,9.03
Gujarat,2022,0.646,9.092
Haryana,1990,0.471,7.73
Haryana,1991,0.474,7.717
Haryana,1992,0.479,7.751
Haryana,1993,0.485,7.809
Haryana,1994,0.493,7.887
Haryana,1995,0.501,7.975
Haryana,1996,0.51,8.064
Haryana,1997,0.518,8.118
Haryana,1998,0.527,8.192
Haryana,1999,0.537,8.295
Haryana,2000,0.542,8.314
Haryana,2001,0.546,8.348
Haryana,2002,0.553,8.371
Haryana,2003,0.566,8.433
Haryana,2004,0.575,8.497
Haryana,2005,0.584,8.561
Haryana,2006,0.594,8.628
Haryana,2007,0.603,8.691
Haryana,2008,0.61,8.703
Haryana,2009,0.615,8.766
Haryana,2010,0.625,8.829
Haryana,2011,0.639,8.868
Haryana,2012,0.648,8.904
Haryana,2013,0.656,8.989
Haryana,2014,0.669,9.087
Haryana,2015,0.678,9.19
Haryana,2016,0.691,9.286
Haryana,2017,0.694,9.313
Haryana,2018,0.69,9.328
Haryana,2019,0.689,9.319
Haryana,2020,0.689,9.241
Haryana,2021,0.683,9.317
Haryana,2022,0.696,9.381
Himachal Pradesh,1990,0.485,7.553
Himachal Pradesh,1991,0.488,7.541
Himachal Pradesh,1992,0.493,7.574
Himachal Pradesh,1993,0.503,7.651
Himachal Pradesh,1994,0.514,7.747
Himachal Pradesh,1995,0.525,7.854
Himachal Pradesh,1996,0.538,7.961
Himachal Pradesh,1997,0.549,8.035
Himachal Pradesh,1998,0.562,8.129
Himachal Pradesh,1999,0.575,8.251
Himachal Pradesh,2000,0.583,8.291
Himachal Pradesh,2001,0.589,8.346
Himachal Pradesh,2002,0.598,8.391
Himachal Pradesh,2003,0.615,8.475
Himachal Pradesh,2004,0.626,8.561
Himachal Pradesh,2005,0.638,8.648
Himachal Pradesh,2006,0.65,8.736
Himachal Pradesh,2007,0.653,8.79
Himachal Pradesh,2008,0.654,8.791
Himachal Pradesh,2009,0.653,8.843
Himachal Pradesh,2010,0.658,8.897
Himachal Pradesh,2011,0.667,8.925
Himachal Pradesh,2012,0.67,8.951
Himachal Pradesh,2013,0.677,9.025
Himachal Pradesh,2014,0.688,9.113
Himachal Pradesh,2015,0.696,9.206
Himachal Pradesh,2016,0.707,9.291
Himachal Pradesh,2017,0.712,9.308
Himachal Pradesh,2018,0.709,9.313
Himachal Pradesh,2019,0.709,9.293
Himachal Pradesh,2020,0.709,9.215
Himachal Pradesh,2021,0.703,9.291
Himachal Pradesh,2022,0.715,9.355
Jammu and Kashmir,1990,0.499,7.686
Jammu and Kashmir,1991,0.502,7.673
Jammu and Kashmir,1992,0.507,7.707
Jammu and Kashmir,1993,0.506,7.748
Jammu and Kashmir,1994,0.506,7.808
Jammu and Kashmir,1995,0.507,7.879
Jammu and Kashmir,1996,0.509,7.949
Jammu and Kashmir,1997,0.51,7.985
Jammu and Kashmir,1998,0.511,8.041
Jammu and Kashmir,1999,0.514,8.125
Jammu and Kashmir,2000,0.522,8.15
Jammu and Kashmir,2001,0.53,8.19
Jammu and Kashmir,2002,0.539,8.22
Jammu and Kashmir,2003,0.556,8.288
Jammu and Kashmir,2004,0.568,8.358
Jammu and Kashmir,2005,0.581,8.428
Jammu and Kashmir,2006,0.593,8.5
Jammu and Kashmir,2007,0.605,8.573
Jammu and Kashmir,2008,0.614,8.596
Jammu and Kashmir,2009,0.621,8.668
Jammu and Kashmir,2010,0.633,8.741
Jammu and Kashmir,2011,0.648,8.79
Jammu and Kashmir,2012,0.658,8.836
Jammu and Kashmir,2013,0.659,8.874
Jammu and Kashmir,2014,0.665,8.925
Jammu and Kashmir,2015,0.667,8.981
Jammu and Kashmir,2016,0.672,9.03
Jammu and Kashmir,2017,0.69,9.106
Jammu and Kashmir,2018,0.7,9.169
Jammu and Kashmir,2019,0.712,9.208
Jammu and Kashmir,2020,0.712,9.131
Jammu and Kashmir,2021,0.706,9.206
Jammu and Kashmir,2022,0.72,9.27
Jharkhand,1990,0.563,7.468
Jharkhand,1991,0.566,7.456
Jharkhand,1992,0.572,7.489
Jharkhand,1993,0.566,7.511
Jharkhand,1994,0.562,7.552
Jharkhand,1995,0.559,7.602
Jharkhand,1996,0.557,7.652
Jharkhand,1997,0.554,7.669
Jharkhand,1998,0.553,7.706
Jharkhand,1999,0.553,7.768
Jharkhand,2000,0.554,7.763
Jharkhand,2001,0.554,7.773
Jharkhand,2002,0.557,7.773
Jharkhand,2003,0.568,7.808
Jharkhand,2004,0.573,7.845
Jharkhand,2005,0.579,7.883
Jharkhand,2006,0.585,7.922
Jharkhand,2007,0.58,7.946
Jharkhand,2008,0.574,7.925
Jharkhand,2009,0.566,7.948
Jharkhand,2010,0.564,7.973
Jharkhand,2011,0.566,7.975
Jharkhand,2012,0.562,7.975
Jharkhand,2013,0.565,8.002
Jharkhand,2014,0.572,8.041
Jharkhand,2015,0.577,8.084
Jharkhand,2016,0.584,8.121
Jharkhand,2017,0.59,8.192
Jharkhand,2018,0.59,8.252
Jharkhand,2019,0.593,8.29
Jharkhand,2020,0.593,8.221
Jharkhand,2021,0.588,8.289
Jharkhand,2022,0.6,8.346
Karnataka,1990,0.448,7.546
Karnataka,1991,0.45,7.533
Karnataka,1992,0.455,7.566
Karnataka,1993,0.461,7.605
Karnataka,1994,0.467,7.662
Karnataka,1995,0.474,7.729
Karnataka,1996,0.482,7.796
Karnataka,1997,0.488,7.829
Karnataka,1998,0.495,7.883
Karnataka,1999,0.504,7.963
Karnataka,2000,0.511,7.983
Karnataka,2001,0.516,8.017
Karnataka,2002,0.524,8.042
Karnataka,2003,0.538,8.103
Karnataka,2004,0.549,8.167
Karnataka,2005,0.559,8.231
Karnataka,2006,0.57,8.297
Karnataka,2007,0.577,8.38
Karnataka,2008,0.583,8.413
Karnataka,2009,0.587,8.496
Karnataka,2010,0.597,8.579
Karnataka,2011,0.609,8.639
Karnataka,2012,0.617,8.695
Karnataka,2013,0.627,8.728
Karnataka,2014,0.641,8.772
Karnataka,2015,0.652,8.822
Karnataka,2016,0.667,8.865
Karnataka,2017,0.67,8.943
Karnataka,2018,0.667,9.009
Karnataka,2019,0.667,9.052
Karnataka,2020,0.667,8.976
Karnataka,2021,0.661,9.05
Karnataka,2022,0.673,9.112
Kerala,1990,0.551,7.819
Kerala,1991,0.554,7.806
Kerala,1992,0.56,7.841
Kerala,1993,0.561,7.814
Kerala,1994,0.563,7.806
Kerala,1995,0.565,7.808
Kerala,1996,0.569,7.808
Kerala,1997,0.571,7.774
Kerala,1998,0.574,7.76
Kerala,1999,0.579,7.771
Kerala,2000,0.592,7.9
Kerala,2001,0.604,8.044
Kerala,2002,0.618,8.177
Kerala,2003,0.639,8.349
Kerala,2004,0.656,8.524
Kerala,2005,0.672,8.701
Kerala,2006,0.689,8.88
Kerala,2007,0.695,8.925
Kerala,2008,0.698,8.916
Kerala,2009,0.699,8.959
Kerala,2010,0.706,9.004
Kerala,2011,0.718,9.023
Kerala,2012,0.723,9.038
Kerala,2013,0.73,9.12
Kerala,2014,0.741,9.213
Kerala,2015,0.75,9.313
Kerala,2016,0.761,9.405
Kerala,2017,0.762,9.399
Kerala,2018,0.755,9.381
Kerala,2019,0.751,9.338
Kerala,2020,0.751,9.26
Kerala,2021,0.745,9.336
Kerala,2022,0.758,9.4
Lakshadweep,1990,0.695,8.81
Lakshadweep,1991,0.699,8.796
Lakshadweep,1992,0.706,8.834
Lakshadweep,1993,0.7,8.861
Lakshadweep,1994,0.697,8.909
Lakshadweep,1995,0.694,8.968
Lakshadweep,1996,0.693,9.027
Lakshadweep,1997,0.691,9.047
Lakshadweep,1998,0.69,9.09
Lakshadweep,1999,0.691,9.164
Lakshadweep,2000,0.694,9.158
Lakshadweep,2001,0.695,9.17
Lakshadweep,2002,0.698,9.169
Lakshadweep,2003,0.709,9.211
Lakshadweep,2004,0.715,9.255
Lakshadweep,2005,0.721,9.299
Lakshadweep,2006,0.728,9.345
Lakshadweep,2007,0.723,9.374
Lakshadweep,2008,0.717,9.349
Lakshadweep,2009,0.709,9.377
Lakshadweep,2010,0.707,9.406
Lakshadweep,2011,0.71,9.408
Lakshadweep,2012,0.706,9.408
Lakshadweep,2013,0.71,9.397
Lakshadweep,2014,0.718,9.398
Lakshadweep,2015,0.723,9.406
Lakshadweep,2016,0.732,9.406
Lakshadweep,2017,0.729,9.404
Lakshadweep,2018,0.719,9.389
Lakshadweep,2019,0.712,9.35
Lakshadweep,2020,0.713,9.272
Lakshadweep,2021,0.706,9.348
Lakshadweep,2022,0.719,9.413
Madhya Pradesh,1990,0.408,7.442
Madhya Pradesh,1991,0.41,7.43
Madhya Pradesh,1992,0.415,7.462
Madhya Pradesh,1993,0.418,7.481
Madhya Pradesh,1994,0.422,7.519
Madhya Pradesh,1995,0.427,7.565
Madhya Pradesh,1996,0.432,7.612
Madhya Pradesh,1997,0.436,7.625
Madhya Pradesh,1998,0.44,7.658
Madhya Pradesh,1999,0.446,7.716
Madhya Pradesh,2000,0.452,7.709
Madhya Pradesh,2001,0.456,7.716
Madhya Pradesh,2002,0.463,7.713
Madhya Pradesh,2003,0.475,7.746
Madhya Pradesh,2004,0.484,7.78
Madhya Pradesh,2005,0.493,7.814
Madhya Pradesh,2006,0.503,7.85
Madhya Pradesh,2007,0.51,7.906
Madhya Pradesh,2008,0.516,7.915
Madhya Pradesh,2009,0.52,7.969
Madhya Pradesh,2010,0.528,8.025
Madhya Pradesh,2011,0.54,8.058
Madhya Pradesh,2012,0.547,8.088
Madhya Pradesh,2013,0.555,8.148
Madhya Pradesh,2014,0.567,8.219
Madhya Pradesh,2015,0.577,8.295
Madhya Pradesh,2016,0.589,8.365
Madhya Pradesh,2017,0.598,8.449
Madhya Pradesh,2018,0.6,8.522
Madhya Pradesh,2019,0.605,8.572
Madhya Pradesh,2020,0.605,8.5
Madhya Pradesh,2021,0.599,8.57
Madhya Pradesh,2022,0.611,8.629
Maharashtra,1990,0.498,7.842
Maharashtra,1991,0.501,7.829
Maharashtra,1992,0.507,7.863
Maharashtra,1993,0.511,7.893
Maharashtra,1994,0.515,7.943
Maharashtra,1995,0.521,8.003
Maharashtra,1996,0.527,8.063
Maharashtra,1997,0.532,8.087
Maharashtra,1998,0.538,8.133
Maharashtra,1999,0.545,8.206
Maharashtra,2000,0.551,8.217
Maharashtra,2001,0.556,8.242
Maharashtra,2002,0.563,8.258
Maharashtra,2003,0.577,8.311
Maharashtra,2004,0.586,8.367
Maharashtra,2005,0.596,8.423
Maharashtra,2006,0.606,8.48
Maharashtra,2007,0.615,8.54
Maharashtra,2008,0.621,8.549
Maharashtra,2009,0.626,8.607
Maharashtra,2010,0.636,8.667
Maharashtra,2011,0.649,8.703
Maharashtra,2012,0.657,8.735
Maharashtra,2013,0.66,8.771
Maharashtra,2014,0.668,8.82
Maharashtra,2015,0.672,8.874
Maharashtra,2016,0.68,8.921
Maharashtra,2017,0.687,8.987
Maharashtra,2018,0.686,9.041
Maharashtra,2019,0.689,9.071
Maharashtra,2020,0.689,8.996
Maharashtra,2021,0.683,9.07
Maharashtra,2022,0.695,9.132
Manipur,1990,0.5,7.321
Manipur,1991,0.503,7.309
Manipur,1992,0.509,7.341
Manipur,1993,0.512,7.384
Manipur,1994,0.517,7.446
Manipur,1995,0.522,7.517
Manipur,1996,0.528,7.588
Manipur,1997,0.533,7.626
Manipur,1998,0.54,7.684
Manipur,1999,0.547,7.768
Manipur,2000,0.552,7.791
Manipur,2001,0.556,7.827
Manipur,2002,0.562,7.854
Manipur,2003,0.574,7.918
Manipur,2004,0.582,7.983
Manipur,2005,0.591,8.049
Manipur,2006,0.6,8.116
Manipur,2007,0.619,8.287
Manipur,2008,0.636,8.409
Manipur,2009,0.652,8.579
Manipur,2010,0.672,8.752
Manipur,2011,0.696,8.9
Manipur,2012,0.714,9.045
Manipur,2013,0.703,8.905
Manipur,2014,0.695,8.777
Manipur,2015,0.686,8.655
Manipur,2016,0.678,8.526
Manipur,2017,0.682,8.571
Manipur,2018,0.678,8.603
Manipur,2019,0.676,8.614
Manipur,2020,0.676,8.542
Manipur,2021,0.671,8.612
Manipur,2022,0.683,8.671
Meghalaya,1990,0.461,7.352
Meghalaya,1991,0.464,7.34
Meghalaya,1992,0.469,7.372
Meghalaya,1993,0.467,7.37
Meghalaya,1994,0.465,7.387
Meghalaya,1995,0.465,7.412
Meghalaya,1996,0.464,7.436
Meghalaya,1997,0.462,7.428
Meghalaya,1998,0.461,7.439
Meghalaya,1999,0.461,7.474
Meghalaya,2000,0.47,7.54
Meghalaya,2001,0.477,7.619
Meghalaya,2002,0.487,7.689
Meghalaya,2003,0.502,7.794
Meghalaya,2004,0.514,7.902
Meghalaya,2005,0.526,8.01
Meghalaya,2006,0.538,8.121
Meghalaya,2007,0.558,8.269
Meghalaya,2008,0.575,8.368
Meghalaya,2009,0.591,8.515
Meghalaya,2010,0.611,8.664
Meghalaya,2011,0.634,8.788
Meghalaya,2012,0.652,8.911
Meghalaya,2013,0.646,8.815
Meghalaya,2014,0.645,8.731
Meghalaya,2015,0.641,8.653
Meghalaya,2016,0.64,8.568
Meghalaya,2017,0.645,8.62
Meghalaya,2018,0.642,8.661
Meghalaya,2019,0.643,8.679
Meghalaya,2020,0.643,8.606
Meghalaya,2021,0.637,8.677
Meghalaya,2022,0.65,8.737
Mizoram,1990,0.532,7.522
Mizoram,1991,0.535,7.51
Mizoram,1992,0.541,7.543
Mizoram,1993,0.541,7.588
Mizoram,1994,0.542,7.653
Mizoram,1995,0.543,7.727
Mizoram,1996,0.546,7.801
Mizoram,1997,0.547,7.842
Mizoram,1998,0.55,7.902
Mizoram,1999,0.553,7.99
Mizoram,2000,0.563,8.076
Mizoram,2001,0.571,8.176
Mizoram,2002,0.581,8.266
Mizoram,2003,0.598,8.395
Mizoram,2004,0.611,8.526
Mizoram,2005,0.624,8.659
Mizoram,2006,0.637,8.794
Mizoram,2007,0.648,8.942
Mizoram,2008,0.657,9.038
Mizoram,2009,0.664,9.185
Mizoram,2010,0.676,9.335
Mizoram,2011,0.693,9.459
Mizoram,2012,0.703,9.579
Mizoram,2013,0.697,9.478
Mizoram,2014,0.694,9.389
Mizoram,2015,0.689,9.307
Mizoram,2016,0.687,9.217
Mizoram,2017,0.696,9.249
Mizoram,2018,0.698,9.269
Mizoram,2019,0.703,9.265
Mizoram,2020,0.703,9.188
Mizoram,2021,0.697,9.263
Mizoram,2022,0.709,9.327
Nagaland,1990,0.539,7.717
Nagaland,1991,0.542,7.704
Nagaland,1992,0.548,7.738
Nagaland,1993,0.541,7.712
Nagaland,1994,0.535,7.705
Nagaland,1995,0.53,7.706
Nagaland,1996,0.526,7.707
Nagaland,1997,0.521,7.674
Nagaland,1998,0.516,7.661
Nagaland,1999,0.513,7.672
Nagaland,2000,0.516,7.719
Nagaland,2001,0.519,7.78
Nagaland,2002,0.524,7.831
Nagaland,2003,0.536,7.918
Nagaland,2004,0.543,8.008
Nagaland,2005,0.55,8.098
Nagaland,2006,0.558,8.191
Nagaland,2007,0.583,8.396
Nagaland,2008,0.605,8.551
Nagaland,2009,0.626,8.756
Nagaland,2010,0.651,8.963
Nagaland,2011,0.68,9.145
Nagaland,2012,0.703,9.325
Nagaland,2013,0.69,9.169
Nagaland,2014,0.682,9.025
Nagaland,2015,0.671,8.887
Nagaland,2016,0.662,8.742
Nagaland,2017,0.669,8.787
Nagaland,2018,0.669,8.82
Nagaland,2019,0.672,8.829
Nagaland,2020,0.672,8.755
Nagaland,2021,0.667,8.827
Nagaland,2022,0.679,8.888
New Delhi,1990,0.581,8.758
New Delhi,1991,0.585,8.743
New Delhi,1992,0.592,8.782
New Delhi,1993,0.598,8.838
New Delhi,1994,0.606,8.916
New Delhi,1995,0.614,9.005
New Delhi,1996,0.624,9.095
New Delhi,1997,0.633,9.145
New Delhi,1998,0.642,9.22
New Delhi,1999,0.653,9.325
New Delhi,2000,0.656,9.287
New Delhi,2001,0.658,9.267
New Delhi,2002,0.661,9.235
New Delhi,2003,0.671,9.245
New Delhi,2004,0.677,9.256
New Delhi,2005,0.683,9.268
New Delhi,2006,0.689,9.281
New Delhi,2007,0.694,9.306
New Delhi,2008,0.695,9.276
New Delhi,2009,0.695,9.3
New Delhi,2010,0.699,9.325
New Delhi,2011,0.708,9.323
New Delhi,2012,0.711,9.318
New Delhi,2013,0.713,9.338
New Delhi,2014,0.719,9.37
New Delhi,2015,0.722,9.409
New Delhi,2016,0.727,9.439
New Delhi,2017,0.732,9.461
New Delhi,2018,0.729,9.47
New Delhi,2019,0.728,9.454
New Delhi,2020,0.728,9.375
New Delhi,2021,0.722,9.452
New Delhi,2022,0.734,9.518
Orissa,1990,0.403,7.123
Orissa,1991,0.405,7.111
Orissa,1992,0.409,7.142
Orissa,1993,0.413,7.16
Orissa,1994,0.418,7.196
Orissa,1995,0.423,7.241
Orissa,1996,0.43,7.286
Orissa,1997,0.434,7.298
Orissa,1998,0.44,7.33
Orissa,1999,0.447,7.386
Orissa,2000,0.451,7.403
Orissa,2001,0.455,7.434
Orissa,2002,0.46,7.456
Orissa,2003,0.472,7.512
Orissa,2004,0.479,7.57
Orissa,2005,0.487,7.628
Orissa,2006,0.495,7.687
Orissa,2007,0.504,7.752
Orissa,2008,0.511,7.771
Orissa,2009,0.517,7.834
Orissa,2010,0.527,7.899
Orissa,2011,0.54,7.942
Orissa,2012,0.548,7.982
Orissa,2013,0.556,8.026
Orissa,2014,0.568,8.082
Orissa,2015,0.578,8.142
Orissa,2016,0.59,8.196
Orissa,2017,0.598,8.308
Orissa,2018,0.599,8.409
Orissa,2019,0.603,8.487
Orissa,2020,0.603,8.416
Orissa,2021,0.598,8.485
Orissa,2022,0.61,8.544
Puducherry,1990,0.711,8.685
Puducherry,1991,0.716,8.671
Puducherry,1992,0.723,8.709
Puducherry,1993,0.725,8.735
Puducherry,1994,0.722,8.782
Puducherry,1995,0.719,8.841
Puducherry,1996,0.718,8.899
Puducherry,1997,0.716,8.919
Puducherry,1998,0.715,8.961
Puducherry,1999,0.717,9.034
Puducherry,2000,0.719,9.028
Puducherry,2001,0.72,9.039
Puducherry,2002,0.723,9.039
Puducherry,2003,0.735,9.08
Puducherry,2004,0.741,9.124
Puducherry,2005,0.748,9.167
Puducherry,2006,0.754,9.212
Puducherry,2007,0.749,9.241
Puducherry,2008,0.743,9.216
Puducherry,2009,0.735,9.243
Puducherry,2010,0.732,9.272
Puducherry,2011,0.735,9.275
Puducherry,2012,0.732,9.274
Puducherry,2013,0.727,9.251
Puducherry,2014,0.726,9.24
Puducherry,2015,0.722,9.235
Puducherry,2016,0.721,9.223
Puducherry,2017,0.729,9.296
Puducherry,2018,0.731,9.357
Puducherry,2019,0.735,9.393
Puducherry,2020,0.735,9.314
Puducherry,2021,0.729,9.391
Puducherry,2022,0.741,9.456
Punjab,1990,0.502,7.991
Punjab,1991,0.505,7.978
Punjab,1992,0.51,8.013
Punjab,1993,0.517,8.074
Punjab,1994,0.524,8.156
Punjab,1995,0.532,8.248
Punjab,1996,0.541,8.34
Punjab,1997,0.549,8.397
Punjab,1998,0.558,8.476
Punjab,1999,0.568,8.583
Punjab,2000,0.572,8.601
Punjab,2001,0.575,8.635
Punjab,2002,0.58,8.658
Punjab,2003,0.593,8.72
Punjab,2004,0.6,8.786
Punjab,2005,0.608,8.851
Punjab,2006,0.616,8.918
Punjab,2007,0.626,8.973
Punjab,2008,0.633,8.974
Punjab,2009,0.638,9.027
Punjab,2010,0.648,9.082
Punjab,2011,0.662,9.11
Punjab,2012,0.67,9.136
Punjab,2013,0.677,9.203
Punjab,2014,0.687,9.281
Punjab,2015,0.695,9.366
Punjab,2016,0.706,9.444
Punjab,2017,0.705,9.455
Punjab,2018,0.696,9.453
Punjab,2019,0.691,9.426
Punjab,2020,0.692,9.347
Punjab,2021,0.685,9.424
Punjab,2022,0.698,9.489
Rajasthan,1990,0.406,7.416
Rajasthan,1991,0.408,7.403
Rajasthan,1992,0.413,7.436
Rajasthan,1993,0.418,7.479
Rajasthan,1994,0.424,7.542
Rajasthan,1995,0.431,7.613
Rajasthan,1996,0.438,7.685
Rajasthan,1997,0.443,7.724
Rajasthan,1998,0.449,7.783
Rajasthan,1999,0.457,7.868
Rajasthan,2000,0.462,7.873
Rajasthan,2001,0.466,7.893
Rajasthan,2002,0.472,7.902
Rajasthan,2003,0.485,7.949
Rajasthan,2004,0.494,7.997
Rajasthan,2005,0.503,8.045
Rajasthan,2006,0.512,8.095
Rajasthan,2007,0.52,8.157
Rajasthan,2008,0.526,8.172
Rajasthan,2009,0.53,8.233
Rajasthan,2010,0.539,8.296
Rajasthan,2011,0.552,8.335
Rajasthan,2012,0.559,8.372
Rajasthan,2013,0.57,8.443
Rajasthan,2014,0.585,8.526
Rajasthan,2015,0.598,8.614
Rajasthan,2016,0.614,8.695
Rajasthan,2017,0.628,8.802
Rajasthan,2018,0.635,8.896
Rajasthan,2019,0.645,8.968
Rajasthan,2020,0.645,8.893
Rajasthan,2021,0.64,8.966
Rajasthan,2022,0.652,9.027
Sikkim,1990,0.546,8.051
Sikkim,1991,0.549,8.037
Sikkim,1992,0.555,8.073
Sikkim,1993,0.549,8.097
Sikkim,1994,0.545,8.141
Sikkim,1995,0.542,8.195
Sikkim,1996,0.541,8.249
Sikkim,1997,0.538,8.267
Sikkim,1998,0.536,8.307
Sikkim,1999,0.536,8.374
Sikkim,2000,0.542,8.372
Sikkim,2001,0.546,8.385
Sikkim,2002,0.553,8.388
Sikkim,2003,0.567,8.429
Sikkim,2004,0.576,8.472
Sikkim,2005,0.585,8.516
Sikkim,2006,0.594,8.561
Sikkim,2007,0.603,8.58
Sikkim,2008,0.61,8.548
Sikkim,2009,0.615,8.566
Sikkim,2010,0.625,8.584
Sikkim,2011,0.638,8.578
Sikkim,2012,0.645,8.57
Sikkim,2013,0.656,8.722
Sikkim,2014,0.672,8.887
Sikkim,2015,0.684,9.057
Sikkim,2016,0.7,9.22
Sikkim,2017,0.706,9.203
Sikkim,2018,0.704,9.175
Sikkim,2019,0.705,9.123
Sikkim,2020,0.705,9.046
Sikkim,2021,0.699,9.121
Sikkim,2022,0.712,9.183
Tamil Nadu,1990,0.476,7.553
Tamil Nadu,1991,0.478,7.54
Tamil Nadu,1992,0.484,7.573
Tamil Nadu,1993,0.488,7.608
Tamil Nadu,1994,0.494,7.662
Tamil Nadu,1995,0.5,7.725
Tamil Nadu,1996,0.507,7.789
Tamil Nadu,1997,0.513,7.819
Tamil Nadu,1998,0.519,7.868
Tamil Nadu,1999,0.528,7.945
Tamil Nadu,2000,0.536,7.965
Tamil Nadu,2001,0.543,8.001
Tamil Nadu,2002,0.552,8.026
Tamil Nadu,2003,0.569,8.088
Tamil Nadu,2004,0.581,8.153
Tamil Nadu,2005,0.593,8.217
Tamil Nadu,2006,0.606,8.284
Tamil Nadu,2007,0.615,8.397
Tamil Nadu,2008,0.622,8.46
Tamil Nadu,2009,0.628,8.572
Tamil Nadu,2010,0.638,8.686
Tamil Nadu,2011,0.653,8.775
Tamil Nadu,2012,0.662,8.862
Tamil Nadu,2013,0.667,8.876
Tamil Nadu,2014,0.676,8.903
Tamil Nadu,2015,0.682,8.935
Tamil Nadu,2016,0.691,8.96
Tamil Nadu,2017,0.693,9.003
Tamil Nadu,2018,0.687,9.034
Tamil Nadu,2019,0.685,9.041
Tamil Nadu,2020,0.685,8.966
Tamil Nadu,2021,0.679,9.039
Tamil Nadu,2022,0.692,9.102
Telangana,1990,0.624,8.341
Telangana,1991,0.628,8.327
Telangana,1992,0.634,8.363
Telangana,1993,0.628,8.388
Telangana,1994,0.624,8.434
Telangana,1995,0.621,8.49
Telangana,1996,0.619,8.546
Telangana,1997,0.617,8.565
Telangana,1998,0.615,8.606
Telangana,1999,0.615,8.675
Telangana,2000,0.617,8.67
Telangana,2001,0.618,8.681
Telangana,2002,0.621,8.68
Telangana,2003,0.632,8.72
Telangana,2004,0.637,8.762
Telangana,2005,0.643,8.803
Telangana,2006,0.649,8.847
Telangana,2007,0.644,8.875
Telangana,2008,0.638,8.85
Telangana,2009,0.63,8.877
Telangana,2010,0.628,8.904
Telangana,2011,0.63,8.907
Telangana,2012,0.627,8.906
Telangana,2013,0.63,8.896
Telangana,2014,0.638,8.897
Telangana,2015,0.644,8.905
Telangana,2016,0.653,8.905
Telangana,2017,0.657,8.958
Telangana,2018,0.653,8.999
Telangana,2019,0.653,9.017
Telangana,2020,0.653,8.941
Telangana,2021,0.647,9.015
Telangana,2022,0.66,9.077
Tripura,1990,0.45,7.306
Tripura,1991,0.452,7.294
Tripura,1992,0.458,7.326
Tripura,1993,0.465,7.36
Tripura,1994,0.474,7.411
Tripura,1995,0.483,7.472
Tripura,1996,0.493,7.533
Tripura,1997,0.501,7.561
Tripura,1998,0.511,7.609
Tripura,1999,0.521,7.682
Tripura,2000,0.524,7.701
Tripura,2001,0.526,7.734
Tripura,2002,0.53,7.758
Tripura,2003,0.541,7.817
Tripura,2004,0.548,7.879
Tripura,2005,0.555,7.94
Tripura,2006,0.561,8.004
Tripura,2007,0.572,8.068
Tripura,2008,0.581,8.084
Tripura,2009,0.588,8.147
Tripura,2010,0.599,8.211
Tripura,2011,0.615,8.252
Tripura,2012,0.625,8.29
Tripura,2013,0.627,8.301
Tripura,2014,0.633,8.324
Tripura,2015,0.636,8.351
Tripura,2016,0.642,8.372
Tripura,2017,0.637,8.424
Tripura,2018,0.626,8.463
Tripura,2019,0.617,8.481
Tripura,2020,0.617,8.41
Tripura,2021,0.612,8.479
Tripura,2022,0.624,8.538
Uttar Pradesh,1990,0.398,7.339
Uttar Pradesh,1991,0.401,7.327
Uttar Pradesh,1992,0.405,7.359
Uttar Pradesh,1993,0.411,7.374
Uttar Pradesh,1994,0.417,7.407
Uttar Pradesh,1995,0.423,7.45
Uttar Pradesh,1996,0.43,7.492
Uttar Pradesh,1997,0.436,7.501
Uttar Pradesh,1998,0.442,7.53
Uttar Pradesh,1999,0.45,7.584
Uttar Pradesh,2000,0.455,7.6
Uttar Pradesh,2001,0.46,7.63
Uttar Pradesh,2002,0.466,7.651
Uttar Pradesh,2003,0.479,7.707
Uttar Pradesh,2004,0.487,7.766
Uttar Pradesh,2005,0.496,7.824
Uttar Pradesh,2006,0.505,7.884
Uttar Pradesh,2007,0.512,7.913
Uttar Pradesh,2008,0.516,7.896
Uttar Pradesh,2009,0.519,7.924
Uttar Pradesh,2010,0.526,7.953
Uttar Pradesh,2011,0.536,7.959
Uttar Pradesh,2012,0.541,7.963
Uttar Pradesh,2013,0.548,8.033
Uttar Pradesh,2014,0.56,8.115
Uttar Pradesh,2015,0.568,8.202
Uttar Pradesh,2016,0.579,8.282
Uttar Pradesh,2017,0.591,8.374
Uttar Pradesh,2018,0.596,8.455
Uttar Pradesh,2019,0.604,8.514
Uttar Pradesh,2020,0.603,8.443
Uttar Pradesh,2021,0.598,8.512
Uttar Pradesh,2022,0.609,8.571
Uttaranchal,1990,0.627,8.036
Uttaranchal,1991,0.63,8.023
Uttaranchal,1992,0.636,8.058
Uttaranchal,1993,0.634,8.082
Uttaranchal,1994,0.629,8.126
Uttaranchal,1995,0.626,8.18
Uttaranchal,1996,0.624,8.234
Uttaranchal,1997,0.621,8.252
Uttaranchal,1998,0.619,8.291
Uttaranchal,1999,0.619,8.359
Uttaranchal,2000,0.62,8.353
Uttaranchal,2001,0.62,8.364
Uttaranchal,2002,0.623,8.363
Uttaranchal,2003,0.635,8.401
Uttaranchal,2004,0.641,8.442
Uttaranchal,2005,0.647,8.482
Uttaranchal,2006,0.653,8.524
Uttaranchal,2007,0.648,8.55
Uttaranchal,2008,0.641,8.527
Uttaranchal,2009,0.633,8.552
Uttaranchal,2010,0.631,8.579
Uttaranchal,2011,0.632,8.581
Uttaranchal,2012,0.629,8.581
Uttaranchal,2013,0.636,8.657
Uttaranchal,2014,0.647,8.745
Uttaranchal,2015,0.655,8.839
Uttaranchal,2016,0.666,8.926
Uttaranchal,2017,0.673,8.996
Uttaranchal,2018,0.672,9.054
Uttaranchal,2019,0.675,9.087
Uttaranchal,2020,0.675,9.011
Uttaranchal,2021,0.669,9.086
Uttaranchal,2022,0.681,9.148
West Bengal,1990,0.443,7.448
West Bengal,1991,0.446,7.436
West Bengal,1992,0.452,7.468
West Bengal,1993,0.456,7.487
West Bengal,1994,0.462,7.525
West Bengal,1995,0.468,7.572
West Bengal,1996,0.475,7.618
West Bengal,1997,0.481,7.631
West Bengal,1998,0.487,7.664
West Bengal,1999,0.495,7.723
West Bengal,2000,0.499,7.729
West Bengal,2001,0.502,7.75
West Bengal,2002,0.506,7.761
West Bengal,2003,0.518,7.808
West Bengal,2004,0.525,7.856
West Bengal,2005,0.532,7.905
West Bengal,2006,0.54,7.955
West Bengal,2007,0.547,8.002
West Bengal,2008,0.552,8.002
West Bengal,2009,0.556,8.048
West Bengal,2010,0.564,8.095
West Bengal,2011,0.575,8.119
West Bengal,2012,0.582,8.141
West Bengal,2013,0.59,8.205
West Bengal,2014,0.603,8.28
West Bengal,2015,0.613,8.361
West Bengal,2016,0.625,8.436
West Bengal,2017,0.63,8.493
West Bengal,2018,0.627,8.539
West Bengal,2019,0.628,8.562
West Bengal,2020,0.628,8.49
West Bengal,2021,0.623,8.56
West Bengal,2022,0.635,8.619